filename,community,emp_job_satisfaction,emp_engagement,emp_wellbeing,emp_burnout,emp_technostress,emp_stress,emp_work_life,emp_turnover_intent,emp_isolation,emp_autonomy,emp_flexibility,emp_belonging,org_firm_performance,org_financial,org_cost,org_real_estate,org_retention_rate,org_absenteeism,org_culture,org_productivity,org_job_performance,org_commitment,org_team_effective,org_collaboration,org_innovation,org_project_success,org_leadership,ctrl_monitoring,ctrl_evaluation,ctrl_policy,ctrl_oversight,n_employee,n_org,n_control,any_employee,any_org,any_control,any_firm_level
 Who Knows Me Understands My Needs   The Effect of Home-Based Telework on Work Engagement.pdf,1,1,1,1,0,0,1,1,0,1,1,1,0,0,0,0,1,0,0,0,1,1,0,0,1,0,0,0,0,0,0,0,8,4,0,1,1,0,1
%5B2024%5D10.4473_TPM31.4.3.pdf,1,1,0,1,1,1,1,1,0,1,1,1,0,0,1,0,0,0,0,0,0,1,0,0,0,0,0,0,0,0,0,0,9,2,0,1,1,0,1
00385-AAAI23.SarkarP.pdf,3,0,0,0,0,0,0,0,0,0,0,0,1,0,0,0,1,0,0,0,0,0,0,0,0,0,0,0,0,0,0,0,1,1,0,1,1,0,1
0597.pdf,3,1,0,1,1,1,1,1,1,0,0,0,0,0,0,0,0,1,0,0,1,0,1,0,1,0,0,0,0,0,0,0,7,4,0,1,1,0,1
0648.pdf,4,0,1,1,0,0,0,0,0,0,0,0,1,0,0,0,0,1,0,0,0,0,0,1,1,1,0,0,0,0,0,0,3,4,0,1,1,0,1
0718-2724-jotmi-20-01-27.pdf,1,0,0,1,1,1,1,1,0,0,0,0,0,0,0,0,0,0,0,0,0,0,0,0,0,1,0,0,0,0,0,0,5,1,0,1,1,0,0
09.pdf,3,0,0,1,0,0,1,1,0,1,1,1,0,0,0,0,0,0,0,1,0,0,0,0,1,1,0,0,0,0,0,0,6,3,0,1,1,0,0
1-s2.0-S0001691825001957-main.pdf,3,0,0,1,1,1,1,0,0,0,0,0,1,0,0,0,0,0,0,0,1,0,0,0,0,1,0,0,0,0,0,0,5,2,0,1,1,0,0
1-s2.0-S0001691825013344-main.pdf,1,0,0,1,1,1,1,1,0,1,1,1,0,0,0,1,0,0,0,0,1,1,0,0,1,1,0,0,0,0,0,0,8,5,0,1,1,0,1
1-s2.0-S0001691825014994-main.pdf,1,0,0,1,1,1,1,1,0,1,1,1,0,0,0,0,0,0,0,0,0,0,0,0,0,0,0,0,0,0,0,0,8,0,0,1,0,0,0
1-s2.0-S0001691826002891-main.pdf,4,0,0,0,0,0,1,0,0,0,0,0,1,0,0,0,0,0,0,0,0,0,0,1,1,1,0,1,0,0,0,0,2,4,0,1,1,0,0
1-s2.0-S0001879125000156-main.pdf,3,1,0,1,0,0,1,1,0,1,1,1,1,0,0,0,1,0,0,0,1,1,0,0,1,0,0,0,0,0,0,0,8,4,0,1,1,0,1
1-s2.0-S0040162523007503-main.pdf,1,1,0,1,1,1,1,1,0,1,0,0,0,0,0,0,0,1,0,0,1,1,0,0,1,1,0,0,1,0,0,0,7,5,1,1,1,1,1
1-s2.0-S0090261624000457-main.pdf,4,0,0,1,1,0,1,1,0,1,1,1,1,0,0,0,0,0,0,0,1,0,0,1,1,1,0,0,0,0,0,0,8,4,0,1,1,0,0
1-s2.0-S014362282300019X-main.pdf,2,1,0,1,1,1,1,1,0,1,1,1,1,0,0,0,1,0,0,0,1,0,0,0,0,0,0,0,1,0,0,0,10,2,1,1,1,1,1
1-s2.0-S0148296322004805-main.pdf,3,0,0,0,0,0,1,0,0,1,1,1,1,0,1,0,0,0,0,0,0,0,0,0,1,1,0,0,1,0,0,0,5,3,1,1,1,1,1
1-s2.0-S0148296322005422-main.pdf,3,1,0,0,1,0,1,1,1,0,1,1,0,0,0,0,0,0,1,0,1,1,1,0,0,0,0,0,0,0,0,0,7,4,0,1,1,0,1
1-s2.0-S0160791X24003105-main.pdf,3,1,1,1,1,1,1,1,1,1,1,1,0,0,0,0,1,0,0,0,1,0,1,0,0,0,0,0,0,0,0,0,11,3,0,1,1,0,1
1-s2.0-S0191886922004603-main.pdf,1,0,1,1,0,0,1,0,0,1,0,0,0,0,0,0,0,0,0,0,1,0,0,0,0,0,0,0,0,0,0,0,4,1,0,1,1,0,0
1-s2.0-S0263786324000656-main.pdf,4,0,1,0,1,0,1,0,0,0,1,1,1,0,0,0,0,0,0,0,1,1,0,0,1,1,1,0,0,0,0,0,6,5,0,1,1,0,0
1-s2.0-S0360132323009368-main.pdf,2,0,0,1,0,0,1,0,0,1,0,0,1,0,0,0,1,1,0,0,1,0,1,0,0,0,0,0,0,0,0,0,4,4,0,1,1,0,1
1-s2.0-S0965856424001186-main.pdf,1,1,0,0,0,0,1,1,1,0,1,1,1,0,0,0,0,0,0,0,1,0,1,0,0,0,0,0,0,0,0,0,7,2,0,1,1,0,0
1-s2.0-S1029313222000343-main.pdf,4,1,0,0,0,0,0,0,0,0,1,0,0,0,0,0,0,0,0,0,0,0,0,0,1,1,0,0,0,0,0,0,2,2,0,1,1,0,0
1-s2.0-S1877050924015229-main.pdf,3,1,0,1,0,0,1,1,0,1,1,1,0,0,1,0,0,0,0,1,1,0,1,0,0,0,0,0,0,0,0,0,7,4,0,1,1,0,1
1-s2.0-S2214367X26000220-main.pdf,2,1,0,1,0,0,1,1,0,0,0,1,0,0,0,0,1,1,0,0,0,1,0,0,0,1,0,0,1,0,0,0,5,4,1,1,1,1,1
1-s2.0-S2451958823000842-main.pdf,3,0,0,1,0,0,0,0,0,1,0,0,0,0,0,0,1,0,0,1,0,1,0,1,1,1,0,0,0,0,0,0,2,6,0,1,1,0,1
10-1108_IJM-12-2022-0628.pdf,0,0,0,1,1,0,1,1,1,1,0,0,1,0,1,0,0,0,1,0,1,0,0,0,0,0,0,0,1,0,0,0,7,3,1,1,1,1,1
10-1108_MRR-11-2022-0806.pdf,0,1,1,1,1,0,1,0,0,1,1,1,0,0,1,0,0,1,0,0,1,0,1,0,0,0,0,0,0,0,0,0,8,4,0,1,1,0,1
10.1177_00221465221150283.pdf,2,1,0,1,1,0,1,1,0,0,1,1,0,0,0,0,0,0,0,0,0,0,0,0,0,0,0,0,0,0,0,0,7,0,0,1,0,0,0
10.1515_soeu-2024-0030.pdf,0,0,0,0,1,0,1,1,0,0,1,1,0,0,0,1,1,0,0,0,1,0,0,0,1,1,0,0,1,0,0,0,5,5,1,1,1,1,1
10.2478_subboec-2022-0012.pdf,1,0,1,1,1,0,1,1,0,1,1,1,0,0,0,0,0,0,0,0,1,1,0,0,1,0,0,0,0,0,0,0,8,3,0,1,1,0,0
10.30798-makuiibf.1443319-3755769.pdf,3,1,0,1,1,1,1,1,0,1,0,1,0,0,1,0,1,0,1,1,0,0,0,0,0,1,0,0,0,0,0,0,8,5,0,1,1,0,1
10869_2022_Article_9842.pdf,1,1,1,1,0,0,1,1,0,1,1,0,0,0,0,0,0,0,0,0,0,1,0,0,0,0,0,0,0,0,0,0,7,1,0,1,1,0,0
1094210ar.pdf,2,0,0,0,0,0,1,0,0,0,1,0,0,0,1,0,0,0,0,0,0,0,0,0,0,0,0,0,0,0,0,0,2,1,0,1,1,0,1
1101313ar.pdf,1,0,0,0,0,0,0,0,0,0,1,0,0,0,1,0,0,0,0,0,0,0,0,0,0,1,0,0,0,0,0,0,1,2,0,1,1,0,1
1112222ar.pdf,5,0,0,1,0,0,1,0,0,0,0,0,0,0,1,0,0,0,0,0,1,0,0,0,0,0,0,0,1,0,0,1,2,2,2,1,1,1,1
1154182.pdf,3,0,0,1,1,1,1,1,0,0,0,1,0,0,0,0,0,0,1,0,1,0,1,0,0,1,0,0,0,0,0,0,6,4,0,1,1,0,1
126836-how-remote-work-changes-communication-in-organizations.pdf,4,0,0,0,0,0,1,1,0,0,0,1,0,0,0,0,0,0,0,0,1,1,0,0,0,1,0,0,0,0,0,1,3,3,1,1,1,1,0
136-145.pdf,2,1,1,1,1,0,0,1,0,1,1,1,1,0,0,0,0,0,0,1,1,0,0,0,1,1,0,0,1,0,0,0,9,4,1,1,1,1,0
14-Article Text-25-1-10-20241030.pdf,2,1,1,1,1,0,1,1,1,1,1,1,0,0,0,0,0,0,0,1,1,0,0,0,1,0,0,0,0,0,0,0,10,3,0,1,1,0,0
15.pdf,4,0,0,1,1,0,1,0,0,1,1,0,1,1,0,0,0,0,0,0,1,0,0,1,1,1,0,1,0,0,0,0,6,6,0,1,1,0,1
1549-6151-2-PB.pdf,2,0,1,1,0,0,1,1,0,1,0,1,1,0,0,0,0,0,0,1,1,0,0,0,1,1,0,0,0,1,0,0,7,4,1,1,1,1,0
170-178.pdf,4,0,0,1,0,0,0,0,0,1,1,1,1,0,0,0,0,0,0,1,1,0,0,0,1,1,0,1,1,1,0,0,5,5,2,1,1,1,0
2011-2084-ijpr-18-02-13.pdf,1,1,0,1,0,0,0,0,0,0,1,1,1,1,0,0,0,0,0,0,0,0,0,0,0,0,0,0,0,0,0,0,5,1,0,1,1,0,1
2022-54402-001.pdf,3,1,0,1,0,1,1,0,0,1,0,0,0,0,0,0,1,0,0,1,0,0,0,0,0,1,0,0,0,1,0,0,5,3,1,1,1,1,1
2022_Canadian%20Psychology_Manuscript.pdf,1,0,0,1,0,0,1,1,0,0,0,0,0,0,0,0,0,0,0,0,0,0,1,0,0,0,0,0,0,0,0,0,3,1,0,1,1,0,0
2024-work-in-america-report.pdf,1,1,0,1,0,0,0,0,0,0,0,0,0,0,0,0,0,0,0,0,1,0,0,0,1,1,0,0,1,0,0,0,2,3,1,1,1,1,0
2024_Jeffries_Amy_BSc_IM.pdf,2,0,0,0,0,0,0,0,0,0,0,0,1,0,0,0,0,0,0,1,0,0,0,0,0,0,0,0,0,0,0,0,1,1,0,1,1,0,0
"22.+2023.+3(2).+Juli.+Irfan,+Didit,+da+Costa+(161-168).pdf",1,0,0,1,1,0,1,1,0,0,0,1,0,0,0,0,0,0,0,0,1,0,0,0,1,0,0,0,0,0,0,0,5,2,0,1,1,0,0
2238-7863-1-PB.pdf,4,0,0,1,0,0,1,0,0,1,1,1,0,0,0,0,0,0,0,0,0,0,1,0,0,1,0,0,0,0,0,0,5,2,0,1,1,0,0
23+-+25380.pdf,4,0,0,1,0,0,1,1,0,1,1,0,1,0,0,0,0,0,0,0,1,1,1,0,1,0,0,1,0,0,0,0,6,5,0,1,1,0,0
2505.15743v1.pdf,2,1,1,0,1,0,0,1,0,1,0,1,0,1,0,0,0,0,0,0,1,0,0,0,1,1,0,0,0,0,0,0,6,4,0,1,1,0,1
2599990.2600011.pdf,1,1,0,1,1,1,1,1,1,1,1,1,0,0,1,0,0,0,1,0,1,1,1,0,0,0,0,0,0,0,0,0,10,5,0,1,1,0,1
29-The impact of telework on organisational performance_ behaviour_ and culture_ evidence from bu.pdf,1,1,0,0,0,0,0,0,0,0,1,0,0,1,0,0,1,0,0,0,0,1,1,0,1,1,0,0,0,0,0,0,2,6,0,1,1,0,1
3.+Upload+Rhienta.pdf,3,0,0,1,0,1,1,1,0,0,1,1,0,0,0,0,0,0,0,0,1,0,0,0,1,0,0,0,0,0,0,0,6,2,0,1,1,0,0
30.pdf,3,0,0,1,1,0,1,1,0,1,1,1,0,1,0,0,0,1,0,0,1,1,0,1,1,0,0,0,1,1,0,1,7,6,3,1,1,1,1
307.Psychological-Safety-and-Inclusion-in-Virtual-Teams_-Lessons-from-Multinational-Organizations.pdf,4,1,0,1,0,0,0,0,0,1,0,1,1,0,0,0,0,0,0,0,0,0,0,1,1,1,0,0,0,0,0,0,5,3,0,1,1,0,0
31e2705b-ee0c-4339-9fd5-35b18da1bc19.pdf,1,0,0,1,0,0,1,1,0,1,1,0,0,1,0,0,0,0,0,0,0,1,0,0,0,0,0,0,0,0,0,0,5,2,0,1,1,0,1
3524-11217-1-PB.pdf,3,0,0,1,1,1,1,0,0,0,1,1,1,0,0,0,0,0,0,0,1,0,0,0,1,0,0,1,0,0,0,0,7,3,0,1,1,0,0
35298-Full article-69125-1-10-20241128.pdf,5,1,0,0,0,0,0,0,0,0,1,1,0,0,0,0,0,0,0,0,1,1,0,0,0,0,0,0,1,1,0,0,3,2,2,1,1,1,0
3599609.3599621.pdf,0,1,0,1,1,0,1,1,0,1,1,1,1,0,1,0,0,0,0,0,1,0,0,0,0,0,0,0,0,0,0,0,9,2,0,1,1,0,1
3710902.pdf,5,0,0,1,1,0,1,0,0,0,1,0,0,0,1,0,0,0,0,0,1,0,0,0,0,0,0,0,1,0,0,1,4,2,2,1,1,1,1
3757685.pdf,4,0,0,1,1,0,1,0,0,0,0,1,1,0,0,0,0,0,0,0,1,0,0,0,1,1,0,0,1,0,0,0,5,3,1,1,1,1,0
3772318.3791525.pdf,5,0,0,1,0,0,0,0,0,0,1,1,0,0,0,0,1,0,0,1,1,0,0,0,1,1,0,0,1,0,0,1,3,5,2,1,1,1,1
417-424-4-Hybrid+Work+Leadership+Balancing+Productivity+and+Employee+Well-being.pdf,4,1,1,1,1,1,1,1,0,1,1,1,1,0,0,0,0,0,0,1,1,0,0,0,1,1,0,1,1,0,0,1,11,5,2,1,1,1,0
4494.pdf,2,0,0,0,0,0,0,1,0,1,1,1,1,0,0,0,0,0,0,0,1,0,0,0,1,0,0,0,0,0,0,0,5,2,0,1,1,0,0
5401-Article Text-14326-1-10-20250923.pdf,3,0,1,0,0,0,1,1,0,0,0,1,0,1,0,0,0,1,0,1,0,0,0,0,0,1,0,0,1,1,0,0,4,4,2,1,1,1,1
6-ISROSET-IJSRCSE-094561.pdf,5,0,0,1,0,0,1,1,0,1,1,1,0,0,1,0,1,0,0,0,1,0,0,0,1,0,0,0,1,0,0,1,6,4,2,1,1,1,1
64K_Hybrid+Work+Fatigue+on+Psychological+and+Organizational+Factors+Influencing+Employee+Well-Being+Evidence+by+Segari.pdf,3,0,0,1,1,1,1,1,0,0,1,1,0,0,0,0,0,0,0,0,1,1,0,0,1,0,0,0,0,0,0,0,7,3,0,1,1,0,0
6667f993bbb09.pdf,2,1,1,1,0,0,1,1,1,1,1,1,1,1,0,0,1,0,0,1,1,0,1,0,1,0,0,0,1,0,0,0,10,6,1,1,1,1,1
694-Rebecca-Work-Life-Balance-Draft2.pdf,1,0,0,0,0,0,0,1,0,0,0,0,0,0,0,0,0,0,0,0,0,0,0,0,0,0,0,0,0,0,0,0,1,0,0,1,0,0,0
7.pdf,5,0,0,0,0,0,0,0,0,1,0,0,0,0,0,0,0,0,0,1,1,0,0,0,0,0,0,0,1,0,0,0,1,2,1,1,1,1,0
708.pdf,3,0,1,1,1,1,1,1,0,0,1,1,0,0,0,0,0,0,0,0,1,0,0,0,1,1,0,0,0,0,0,0,8,3,0,1,1,0,0
709-Article+Text-3048-1-11-20250128+(1).pdf,5,1,0,1,0,0,1,0,0,0,1,0,0,0,0,0,0,0,0,1,1,1,0,0,0,1,0,0,1,0,0,1,4,4,2,1,1,1,0
78.+Exploring+Emotional+Intelligence%2C+Remote+Work+Dynamics%2C+Team+Collaboration%2C+and+Adaptive+Leadership+for+Enhanced+Success+in+the+Digital+Workplace.pdf,4,1,0,1,0,0,0,1,0,1,0,1,0,1,0,0,0,0,0,0,1,0,0,1,1,1,0,1,0,0,0,0,5,6,0,1,1,0,1
891-908+Mustajab.pdf,2,1,1,1,0,0,1,1,0,1,1,1,0,1,0,1,0,0,0,1,1,0,1,0,1,0,0,1,0,0,0,0,8,7,0,1,1,0,1
8aff1a74-en.pdf,1,1,0,0,0,0,0,1,0,0,0,0,0,0,0,0,0,0,0,0,0,0,0,0,0,0,0,0,0,0,0,0,2,0,0,1,0,0,0
8da9a341-5af7-43fc-9e18-04fdffb64ea0.pdf,1,0,1,1,1,0,1,1,0,0,0,0,0,0,1,0,0,0,0,0,1,0,0,0,0,0,0,0,0,0,0,0,5,2,0,1,1,0,1
95-106+OIKONOMIA+310.pdf,3,1,1,1,1,0,0,1,0,1,1,1,0,1,0,0,0,1,0,0,1,1,0,0,1,1,0,1,1,1,0,0,8,7,2,1,1,1,1
978-3-031-94544-1_3.pdf,4,1,1,1,1,0,0,1,0,0,1,1,1,0,1,0,0,0,0,1,1,0,0,0,1,1,0,0,0,0,0,0,8,5,0,1,1,0,1
AJESD_1LVNGBSU.pdf,2,0,0,1,0,0,1,0,0,1,1,1,1,1,0,0,0,0,0,1,1,0,0,0,1,1,0,0,1,0,0,1,6,5,2,1,1,1,1
A_Qualitative_Study_of_Pandemi.pdf,1,1,0,0,1,0,1,1,0,1,1,1,0,1,0,0,1,0,0,0,1,0,0,0,0,0,0,0,1,0,0,0,7,3,1,1,1,1,1
A_millennial_manager_skills_mo.pdf,0,1,0,1,0,0,0,1,0,1,1,1,0,0,1,0,0,0,0,1,1,0,1,0,1,0,0,0,0,0,0,0,6,5,0,1,1,0,1
Adascalitei-Riso_Employee-monitoring-on-remote-work_Sinappsi_n2_20242.pdf,5,0,0,1,0,0,0,0,0,0,1,1,0,0,0,0,1,0,0,0,1,1,0,0,0,0,0,0,1,0,0,0,3,3,1,1,1,1,1
After-Hours_Availability_Expec.pdf,1,0,0,1,0,0,0,0,0,0,0,0,0,0,0,0,0,0,0,0,0,0,0,0,0,0,0,0,0,0,0,0,1,0,0,1,0,0,0
Applied Psychology - 2023 - Hodzic - When telework is a burden rather than a perk  The roles of knowledge sharing and.pdf,0,1,1,1,1,0,1,0,0,1,1,1,0,0,0,0,0,0,0,0,1,1,0,0,1,0,0,0,0,0,0,0,8,3,0,1,1,0,0
Applied Psychology - 2023 - Schulze - The relationship between telework and job characteristics  A latent change score.pdf,1,1,0,0,0,0,1,0,0,0,1,0,0,0,0,0,0,0,0,0,1,0,0,0,1,0,0,0,0,0,0,0,3,2,0,1,1,0,0
Article-5.pdf,4,0,1,0,0,0,0,0,0,0,0,1,1,0,0,0,0,0,0,0,0,0,0,0,1,0,0,0,0,0,0,0,3,1,0,1,1,0,0
Artikel+Galleys+Oshada-2229.pdf,3,0,1,1,1,1,1,1,0,1,0,1,1,0,0,0,0,0,0,0,1,0,0,0,0,0,0,0,0,0,0,0,9,1,0,1,1,0,0
Ball.pdf,5,0,0,0,0,0,0,0,0,0,1,0,0,0,0,0,0,0,0,0,0,1,0,0,0,0,0,0,1,0,0,0,1,1,1,1,1,1,0
Beurden_van_0960664_ABP_Appel_-_Meulenbroek_MSc_thesis.pdf,2,0,0,0,0,0,0,0,0,0,0,0,0,0,1,0,1,0,0,0,1,0,0,0,0,0,0,0,0,1,0,0,0,3,1,0,1,1,1
Blind_MS_IJHRM_9_TH_Jan_25_R3_1_.pdf,2,0,1,1,0,1,1,1,0,0,0,0,0,0,0,0,1,0,0,0,0,0,0,0,0,0,0,0,0,0,0,0,5,1,0,1,1,0,1
Canadian Review of Sociology - 2023 - Thompson - Workplace Surveillance in Canada  A survey on the adoption and use of.pdf,5,0,0,1,0,0,0,0,0,0,1,0,0,0,1,0,1,0,0,0,1,0,0,0,0,0,0,0,1,0,0,0,2,3,1,1,1,1,1
"Cavalcante, Bianchi, Schonfeld, Martins, Cameira, Queiros, 2025, telework, hybrid work.pdf",1,0,1,1,1,0,1,1,0,1,0,0,0,0,0,0,0,0,0,0,0,0,0,0,0,1,0,0,0,0,0,0,6,1,0,1,1,0,0
Chapter_07A.pdf,4,0,0,1,0,0,1,0,0,0,0,1,0,0,0,0,1,0,0,0,1,1,0,1,1,1,0,1,0,0,0,0,3,7,0,1,1,0,1
"Chernoglazova, Lena_MSc Dissertation.pdf",2,0,0,0,0,0,0,0,0,1,0,1,1,0,0,0,0,0,0,0,0,0,0,0,1,0,0,0,0,0,0,0,3,1,0,1,1,0,0
Connecting work teams in a remote workplace  an identity leadership perspective.pdf,2,1,1,0,0,0,1,1,1,1,0,0,0,0,1,0,0,0,1,0,1,0,0,0,1,0,0,0,0,0,0,0,6,4,0,1,1,0,1
Cousineauetal.pdf,5,0,0,1,0,0,0,0,0,0,0,1,0,0,1,0,0,0,0,0,1,1,0,0,0,0,0,0,1,0,0,0,2,3,1,1,1,1,1
Craftingtelework_Aprocessmodel_PR.pdf,0,0,0,1,0,0,1,0,0,1,1,1,0,0,0,0,0,0,0,0,1,1,0,0,0,0,0,0,0,0,0,1,5,2,1,1,1,1,0
Cultivating_Belonging_During_O.pdf,2,0,1,0,0,0,0,0,0,0,0,0,1,0,0,0,0,0,0,0,0,0,0,0,0,0,0,0,0,0,0,0,2,0,0,1,0,0,0
Daily_Routine_and_Performance_Analysis_-_Parallel_Between_Telework_and_Work_from_the_Office.pdf,1,0,0,0,0,0,1,1,0,1,1,1,0,0,1,0,1,0,1,0,1,0,0,0,0,1,0,0,1,0,0,0,5,5,1,1,1,1,1
DelanoeijeVerbruggen2024_JOHP_Biophilia_in_the_homeworkplace_ACCEPTEDversion.pdf,1,0,0,1,0,0,0,0,0,1,0,0,0,0,0,0,1,0,0,1,0,1,0,0,0,0,0,0,0,0,0,0,2,3,0,1,1,0,1
Di+Dalmazi+et+al.%282022%29.pdf,1,1,1,1,0,1,1,0,0,0,0,0,0,1,0,0,0,0,0,0,0,1,0,0,0,0,0,0,0,0,0,0,5,2,0,1,1,0,1
Dialnet-Telework-10668357.pdf,1,1,1,1,1,1,1,0,0,1,1,1,0,0,0,0,1,0,0,0,1,1,1,0,0,0,0,0,1,0,0,0,9,4,1,1,1,1,1
Dialnet-TheImportanceOfTrustInCultivatingEmployeeLoyaltyAn-8994341.pdf,3,0,0,1,0,0,1,1,0,0,0,1,0,0,1,1,0,0,0,0,1,0,0,0,1,0,0,0,0,0,0,0,4,4,0,1,1,0,1
DigitalFatigueandEmployeeEngagementinHybridWorkAMultilevelPerspective.pdf,3,0,1,1,1,1,1,1,0,0,1,1,0,1,0,0,0,0,0,1,1,0,0,0,1,1,0,0,0,0,0,0,8,5,0,1,1,0,1
Disentangling_the_implications.pdf,0,1,1,1,0,0,1,1,0,1,1,1,0,1,0,0,0,0,0,0,1,0,1,0,0,1,0,0,0,0,0,0,8,4,0,1,1,0,1
Does work-life boundary management improve work-life balance for.pdf,2,0,0,1,0,0,0,1,0,0,1,1,1,0,0,0,1,0,0,0,0,0,0,0,0,0,0,0,0,0,0,0,5,1,0,1,1,0,1
EBSCO-FullText-06_01_2026-2.pdf,0,1,0,1,1,0,0,0,1,1,0,0,1,0,0,0,0,0,0,0,0,1,0,0,1,1,0,0,0,0,0,0,6,3,0,1,1,0,0
EBSCO-FullText-06_01_2026.pdf,4,0,0,0,0,0,0,0,0,0,0,0,1,0,0,0,0,0,0,1,0,0,1,0,0,0,0,0,0,0,0,0,1,2,0,1,1,0,0
EBSCO-FullText-06_02_2026-2.pdf,2,1,0,1,1,0,1,0,0,0,1,0,0,0,0,0,0,0,0,0,1,0,0,0,1,1,0,0,1,0,0,0,5,3,1,1,1,1,0
EBSCO-FullText-06_02_2026-3.pdf,0,0,0,0,0,0,1,0,0,0,0,0,0,0,0,0,0,0,0,0,1,0,0,0,0,0,0,0,1,0,0,0,1,1,1,1,1,1,0
EBSCO-FullText-06_02_2026.pdf,2,1,0,1,0,0,1,1,0,0,1,1,0,0,0,0,0,0,0,0,1,0,0,0,0,0,0,0,1,0,0,0,6,1,1,1,1,1,0
EBSCO-FullText-06_10_2026.pdf,2,1,0,1,1,0,1,1,1,1,0,1,0,0,0,0,0,0,0,0,0,1,0,0,0,0,0,0,0,0,0,0,8,1,0,1,1,0,0
ECIS2016_HafermalzRiemer_Belonging_Remote_Work.pdf,2,0,0,1,0,0,1,0,0,1,0,1,1,0,0,0,0,0,0,0,1,1,0,0,1,0,0,0,0,0,0,0,5,3,0,1,1,0,0
ESP-3420%20Proofread%20%281%29.pdf,3,0,0,1,1,1,1,0,0,0,0,1,1,0,0,0,0,0,0,0,1,1,0,0,0,0,0,0,0,0,0,0,6,2,0,1,1,0,0
Employee+Perspectives+on+Remote+Work+Culture+and+Leadership+in+Hybrid+Organisations.pdf,4,0,1,0,0,0,0,1,0,1,1,1,1,1,0,0,0,0,0,1,1,0,0,0,1,0,0,1,0,0,0,0,6,5,0,1,1,0,1
Employees’_fit_to_telework_and.pdf,0,1,1,1,1,0,0,1,0,1,0,1,1,0,0,0,0,0,0,0,1,0,0,0,0,0,0,0,0,0,0,0,8,1,0,1,1,0,0
Engagement_in_the_teleworking_.pdf,0,0,1,0,0,0,0,1,0,0,1,1,1,0,1,0,0,0,0,0,1,0,0,0,0,1,0,0,1,0,0,0,5,3,1,1,1,1,1
Evolving_approaches_to_employe.pdf,0,0,1,0,0,0,1,0,0,0,1,0,1,0,0,0,0,0,0,0,0,0,0,0,0,0,0,1,0,0,0,0,4,1,0,1,1,0,0
Exploring_the_nexus_between_re.pdf,0,0,1,0,0,0,1,0,0,0,0,0,0,0,0,0,0,0,0,0,1,0,0,0,0,0,0,0,0,0,0,0,2,1,0,1,1,0,0
Exploring_the_nexus_of_social_.pdf,0,1,0,1,1,0,1,1,0,1,1,1,1,0,0,0,1,0,0,0,1,0,0,0,1,1,0,0,0,0,0,0,9,4,0,1,1,0,1
Exploring_the_remote_work_chal.pdf,0,0,1,1,1,0,1,1,0,0,0,1,0,0,0,0,1,0,0,0,1,0,1,0,1,0,0,0,0,0,0,0,6,4,0,1,1,0,1
FULLTEXT01 copy.pdf,2,0,0,1,0,0,0,1,0,0,0,0,1,0,0,0,1,0,0,0,0,0,0,0,1,0,0,0,0,0,0,0,3,2,0,1,1,0,1
FULLTEXT01-2.pdf,2,1,0,0,0,0,0,0,0,0,0,0,1,0,0,0,0,0,0,1,1,0,0,0,0,0,0,0,0,0,0,0,2,2,0,1,1,0,0
FULLTEXT01.pdf,4,0,0,0,0,0,0,0,0,0,0,0,1,0,0,0,0,0,0,0,0,0,0,0,1,1,0,0,0,0,0,0,1,2,0,1,1,0,0
Fonner-CommMonogr12.pdf,1,1,0,0,0,0,1,0,0,1,1,1,1,0,0,0,0,0,0,0,0,0,0,0,1,0,0,0,0,0,0,0,6,1,0,1,1,0,0
Fostering a culture of belonging within women working in a hybrid.pdf,4,0,0,0,0,0,0,0,0,0,0,0,1,0,0,0,1,0,0,0,0,0,0,0,0,0,0,0,0,0,0,0,1,1,0,1,1,0,1
From_home_to_office_dynamics_.pdf,0,0,1,1,1,0,1,1,0,0,0,1,0,0,0,0,0,0,0,0,1,0,0,0,0,0,0,0,0,0,0,0,6,1,0,1,1,0,0
G22THFL-034862T.pdf,2,0,0,0,0,0,0,0,0,0,0,0,0,0,1,0,0,0,0,0,0,0,0,0,0,0,0,0,0,0,0,0,0,1,0,0,1,0,1
GSCARR-2024-0261.pdf,2,1,1,1,0,0,0,1,0,0,0,1,0,1,0,1,0,0,0,1,0,0,0,1,1,1,1,0,1,0,0,0,5,7,1,1,1,1,1
Gender_differences_in_remote_w.pdf,0,0,0,1,1,0,1,1,0,0,1,1,0,0,0,0,0,0,1,0,1,0,0,0,0,0,0,0,0,0,0,0,6,2,0,1,1,0,1
HPSCONF-V21-1-18.pdf,4,1,1,1,0,0,0,1,0,1,1,1,0,1,0,0,1,0,0,1,1,0,0,1,1,1,0,0,0,0,0,0,7,7,0,1,1,0,1
"Healthy,_healthier,_hybrid_wor.pdf",0,0,0,1,1,0,1,1,0,0,1,1,0,0,1,0,0,0,0,0,1,0,0,0,1,1,0,0,0,0,0,0,6,4,0,1,1,0,1
Hewitt+Note+-+Panoptic+Employment+8.8.24.pdf,5,0,0,1,0,0,1,0,0,0,0,1,0,0,0,0,0,0,0,0,1,1,0,0,0,0,0,0,1,0,0,0,3,2,1,1,1,1,0
How_and_When_Technostress_Pred.pdf,1,0,0,1,1,1,1,1,0,0,0,0,0,0,0,0,0,0,1,0,1,1,0,0,0,1,0,0,0,0,0,0,5,4,0,1,1,0,1
How_far_can_I_trust_you_Under.pdf,0,0,0,0,0,0,1,0,0,0,0,0,0,0,0,0,0,0,0,0,0,1,0,1,1,0,0,0,0,0,0,0,1,3,0,1,1,0,0
Human Behavior and Emerging Technologies - 2024 - Laksanadjaja - Uncovering the Web of Secrets Surrounding Employee.pdf,5,1,0,1,0,0,1,0,0,0,0,1,1,0,1,0,1,0,0,0,1,1,1,0,1,0,0,0,1,0,0,0,5,6,1,1,1,1,1
Human Behavior and Emerging Technologies - 2025 - Massa - E%E2%80%90Skill Self%E2%80%90Efficacy and Perceived Performance in Remote Work  A.pdf,3,0,0,1,0,1,1,1,0,0,1,1,0,0,0,0,0,0,0,0,1,1,0,0,0,0,0,0,0,0,0,1,6,2,1,1,1,1,0
Human_Centric_Digital_Transformation_and_Operator_4.0_for_the_Oil_and_Gas_Industry.pdf,0,0,0,0,0,0,0,0,0,0,0,0,0,0,1,1,1,0,0,0,1,0,0,0,1,1,0,0,1,0,0,0,0,6,1,0,1,1,1
Hybrid workers describe aspects that promote effectiveness  work engagement  work-life balance  and health.pdf,3,0,1,1,0,0,0,1,0,0,1,1,0,0,0,0,0,0,0,0,1,1,0,0,1,0,0,0,0,0,0,0,5,3,0,1,1,0,0
Hybrid_working_–_Benefits_and_.pdf,0,0,0,1,1,0,1,0,0,0,0,1,0,0,1,0,0,0,0,0,1,0,1,0,0,0,0,0,0,1,0,0,4,3,1,1,1,1,1
"IJEMR+vol.+4,+no.+3,+Page+426-437.pdf",1,1,0,1,1,1,1,1,0,1,1,1,0,0,0,0,0,0,0,1,1,1,0,0,1,1,0,0,0,0,0,0,9,5,0,1,1,0,0
IJETCSIT-V6I3P108.pdf,4,0,0,0,1,0,1,0,0,0,0,0,0,0,0,0,0,1,0,0,1,0,0,0,1,0,0,0,1,0,0,0,2,3,1,1,1,1,1
IJSRA-2025-2470.pdf,2,0,1,1,0,0,1,1,0,1,1,1,1,0,0,0,0,0,0,1,1,0,0,0,1,1,0,0,0,1,0,0,8,4,1,1,1,1,0
ILR-161-289.pdf,2,0,0,1,0,0,0,0,0,1,0,1,0,0,0,0,1,0,0,1,0,0,0,0,0,1,0,0,1,0,0,0,3,3,1,1,1,1,1
Ibrahim.pdf,0,0,0,1,1,1,1,1,0,1,0,1,1,0,0,0,0,0,0,0,1,0,0,0,0,0,0,0,0,0,0,0,8,1,0,1,1,0,0
Impact_of_employee_well-being_.pdf,0,0,0,1,1,1,1,0,0,1,0,1,1,0,0,0,0,0,0,0,0,1,0,0,1,1,0,0,0,0,0,0,7,3,0,1,1,0,0
"Impact_of_stress,_job_satisfac.pdf",0,1,1,1,1,0,1,1,0,0,0,1,1,0,0,0,0,1,0,0,0,1,0,0,1,1,0,0,1,0,0,0,8,4,1,1,1,1,1
Impact_of_work_from_home_on_work_life_ba.pdf,3,0,0,0,1,0,1,1,0,1,0,1,0,0,0,0,1,0,1,0,0,0,0,0,0,1,0,0,0,0,0,0,5,3,0,1,1,0,1
Inclusion_and_Psychological_Sa.pdf,4,0,0,1,0,0,0,0,0,0,0,0,1,0,0,0,0,0,0,0,0,0,0,0,0,0,0,0,0,0,0,0,2,0,0,1,0,0,0
Information Systems Journal - 2023 - Meier - Cooking a telework theory with causal recipes  Explaining telework success.pdf,0,1,0,1,1,0,1,0,0,0,1,0,0,0,0,0,0,0,0,0,1,0,0,0,0,0,0,0,0,0,0,0,5,1,0,1,1,0,0
Int J Management Reviews - 2025 - Ferdous - An integrated framework of remote work from organizational adoption to employee.pdf,3,0,1,1,1,0,1,0,0,1,1,0,1,0,0,0,0,0,0,0,0,0,0,0,0,0,0,0,0,0,0,0,7,0,0,1,0,0,0
J Management Studies - 2025 - Tr%C3%B6ster - How Hybrid Work Shapes Communication Ties  The Role of Concern about Relationship.pdf,4,0,0,1,0,0,1,0,0,1,0,0,1,0,0,0,0,0,0,0,0,0,0,1,0,1,0,0,0,0,0,0,4,2,0,1,1,0,0
J Occupat   Organ Psyc - 2024 - Scheibe - Age%E2%80%90related differences in the use of boundary management tactics when.pdf,1,1,0,0,0,0,0,1,0,1,0,0,0,0,0,0,0,0,0,0,1,1,0,0,0,0,0,0,0,0,0,0,3,2,0,1,1,0,0
JABS-2024JanMappingtheexperiencesofwork-life.Scopus.pdf,0,1,1,1,1,0,1,1,0,1,0,1,0,0,0,1,0,0,0,0,1,0,1,0,0,1,0,0,0,0,0,0,8,4,0,1,1,0,1
JFerreras_Dissertation_Fall2024.pdf,3,0,0,0,0,0,0,0,0,0,0,0,0,0,0,0,0,0,0,0,0,0,0,0,0,0,0,0,0,0,0,0,0,0,0,0,0,0,0
Journal of Advanced Nursing - 2021 - Terkamo%E2%80%90Moisio - Towards remote leadership in health care  Lessons learned from an.pdf,4,1,0,0,0,0,0,0,0,0,0,0,1,0,0,0,0,0,0,0,0,0,0,0,1,0,0,1,0,0,0,0,2,2,0,1,1,0,0
Keser-Ertemsir-Basol.pdf,1,1,0,1,1,0,1,1,0,1,0,0,0,0,0,0,0,0,0,0,1,0,0,0,0,0,0,0,0,0,0,0,6,1,0,1,1,0,0
Leadership in virtual work settings  what we know  what we do not know  and what we need to do.pdf,4,1,0,0,0,0,0,0,0,0,1,0,0,0,0,0,0,0,0,0,0,0,0,0,1,0,0,1,1,1,0,0,2,2,2,1,1,1,0
Lechner%20%2B%20Tobias%202021OD_How%20to%20create%20psychological%20safety%20in%20virtual%20teams_Accepted%20Manuscript%20%281%29.pdf,4,0,0,0,0,0,0,0,0,0,0,0,0,0,1,0,1,0,0,0,0,0,0,1,1,0,0,0,0,0,0,0,0,4,0,0,1,0,1
Manager_Control_and_Employee_Isolation_I.pdf,1,0,0,0,0,0,1,0,0,1,1,0,0,0,0,0,1,0,0,0,1,0,0,0,0,0,0,0,1,0,0,0,3,2,1,1,1,1,1
Managing_Performance_and_Building_Digital_Trust_in.pdf,2,1,1,1,0,0,0,0,0,0,1,1,0,0,0,1,0,0,0,1,1,1,0,0,1,1,0,0,1,1,0,1,5,6,3,1,1,1,1
Manuscript.pdf,2,0,1,1,0,1,1,0,0,0,1,0,0,0,0,0,0,0,0,0,1,1,0,0,1,1,0,0,0,0,0,0,5,4,0,1,1,0,0
Manuscript_IRJMS_01841_WS.pdf,2,1,1,1,1,0,1,1,0,0,0,1,1,0,0,0,0,1,0,0,1,0,0,0,0,1,0,0,0,0,0,0,8,3,0,1,1,0,1
Master_Thesis_Final_-_Layal_Alkhatib_and_Arsaf.pdf,4,0,0,0,0,0,0,0,0,0,0,1,0,0,0,0,0,0,0,0,0,0,0,0,0,0,0,0,1,0,0,0,1,0,1,1,0,1,0
Master_Thesis_PabloVelazco_RaffaelBless_1.pdf,4,0,0,0,0,0,0,0,0,0,0,0,0,0,0,0,0,0,0,0,0,0,0,0,1,0,0,0,0,0,0,0,0,1,0,0,1,0,0
MelusoJohnsonBagrow2021FlexibleEnvironmentsforHybridCollaboration.pdf,2,0,0,0,0,0,0,0,0,1,0,1,0,0,0,0,0,0,0,1,1,0,0,1,1,1,0,0,0,0,0,0,2,5,0,1,1,0,0
Navigating_the_change_explori.pdf,0,0,0,1,0,0,1,0,0,1,1,0,0,0,0,0,0,0,0,1,1,0,0,0,1,0,0,0,1,0,0,0,4,3,1,1,1,1,0
New Technol Work Employ - 2023 - Wieser - Employee acceptance of digital monitoring systems while working from home.pdf,5,1,0,0,0,0,1,0,0,0,0,0,0,0,0,0,1,0,0,0,1,1,0,0,0,0,0,0,1,0,0,0,2,3,1,1,1,1,1
New Technol Work Employ - 2024 - Williams - Framing algorithmic management  Constructed antagonism on HR technology.pdf,0,0,0,0,0,0,1,0,0,0,1,1,0,0,1,0,0,0,0,0,1,1,0,0,0,0,0,1,1,0,0,1,3,4,2,1,1,1,1
Organizational_identification_among_virt.pdf,4,0,0,0,0,0,1,0,0,1,0,0,1,0,0,0,0,0,0,1,0,1,0,0,1,0,0,0,0,0,0,0,3,3,0,1,1,0,0
Osuva_Myllymäki_Smale_Sumelius_2024.pdf,3,0,0,0,0,0,0,0,0,0,0,0,0,0,0,0,1,0,0,0,0,1,0,0,0,0,0,0,1,1,0,0,0,2,2,0,1,1,1
Out of sight out of mind? Remote work and contractual distancing.pdf,2,0,0,1,0,0,0,1,0,1,1,1,1,0,1,1,1,0,0,0,1,0,0,0,0,1,0,0,1,0,0,0,6,5,1,1,1,1,1
PAGANIN+Videoconference+fatigue+AM.pdf,1,0,0,1,1,1,1,0,0,0,0,0,0,0,0,0,1,0,0,0,0,0,0,0,0,0,0,0,0,0,0,0,4,1,0,1,1,0,1
Paper+2+(2023.5.6)+Assessing+the+Impact+of+a+Hybrid+Work+Model+on+Job+Execution+....pdf,3,1,0,1,0,0,1,1,0,0,0,1,1,0,0,0,1,0,0,0,1,1,0,0,1,0,0,0,0,0,0,0,6,4,0,1,1,0,1
PersonnelPsychology-2022-Ravid-AmetaE28090analysisoftheeffectsofelectronicperformancemonitoringonworkoutcomes.pdf,5,0,0,0,0,0,1,0,0,0,1,0,1,0,1,0,0,0,0,0,1,0,1,0,0,0,0,0,1,1,0,0,3,3,2,1,1,1,1
Piirsalu_Kivihall_Makiniemi_2025.pdf,1,0,1,1,1,1,1,1,0,1,1,1,0,0,0,0,1,0,0,0,0,0,0,0,1,0,0,0,0,0,0,0,9,2,0,1,1,0,1
Productive and connected while working from home  what client-facing remote workers can learn from telenurses about  belonging through technology .pdf,2,0,0,1,0,0,1,0,0,1,1,1,1,0,0,0,0,0,0,0,1,1,0,0,1,1,0,0,0,0,0,0,6,4,0,1,1,0,0
Promoting_health_and_productiv.pdf,1,1,1,1,0,1,1,0,0,0,0,1,1,0,0,0,0,0,0,0,1,0,0,0,1,1,0,0,1,0,0,0,7,3,1,1,1,1,0
PsychologicalCapitalandBurnout_GKMC.pdf,0,1,1,0,1,0,1,1,0,1,1,1,0,0,0,0,0,0,0,0,1,0,0,0,1,0,0,1,0,0,0,0,8,3,0,1,1,0,0
Psychosocial_safety_climate_Measurement.pdf,1,0,1,1,1,0,1,0,0,0,0,0,0,0,0,0,0,0,0,0,1,0,0,0,1,0,0,0,0,0,0,0,4,2,0,1,1,0,0
Public_management_strategies_f.pdf,0,1,0,1,1,0,1,1,0,1,1,1,0,0,0,0,0,0,0,1,1,0,0,1,0,0,0,0,0,0,0,0,8,3,0,1,1,0,0
REPUB_84468_OA.pdf,3,0,0,0,0,0,1,0,0,1,1,0,0,0,0,0,1,0,0,0,1,1,0,0,1,1,0,0,0,0,0,0,3,5,0,1,1,0,1
Reducing_employee_burnout_in_t.pdf,4,1,1,0,1,0,1,0,1,1,0,0,0,0,0,0,0,0,0,0,0,0,0,0,1,1,0,0,0,0,0,0,6,2,0,1,1,0,0
Remote Workers Ever-Present Risk.pdf,5,0,0,0,0,0,0,0,0,0,0,0,1,0,0,0,0,0,0,0,1,0,0,0,0,0,0,0,1,0,0,0,1,1,1,1,1,1,0
Remote work and work-life balance  Lessons learned from the covid-19 pandemic and suggestions for HRD practitioners.pdf,2,0,0,1,0,1,1,1,0,0,0,0,0,0,0,0,0,0,0,0,0,1,0,0,0,0,0,0,1,0,0,0,4,1,1,1,1,1,0
RemoteWorkingBurnout_EmpiricalStudyfromTOEandTechnostress.pdf,2,0,0,1,1,1,1,0,0,1,1,1,1,0,0,1,1,0,1,0,1,0,0,0,1,0,0,0,0,0,0,0,8,5,0,1,1,0,1
Remote_Work_Impact_on_Workplac.pdf,4,0,1,1,0,0,0,0,0,1,0,0,0,0,0,0,0,0,0,1,1,0,0,0,1,0,0,0,0,0,0,0,3,3,0,1,1,0,0
Remote_Worker's_Psychological_.pdf,4,0,0,1,0,0,1,0,0,0,0,1,0,0,0,0,1,0,0,0,0,1,0,1,1,1,0,1,0,0,0,0,3,6,0,1,1,0,1
Remotework.pdf,2,1,0,0,0,0,0,0,0,0,0,1,0,1,1,0,1,0,0,0,1,0,0,0,0,1,0,0,0,0,0,0,2,5,0,1,1,0,1
Remotework2025.pdf,3,1,0,1,1,0,1,1,0,1,1,1,1,0,0,0,0,0,0,0,1,0,0,0,1,0,0,0,0,0,0,0,9,2,0,1,1,0,0
Remoteworkandhumanresourcemanagement.pdf,2,1,1,1,1,0,0,1,0,0,0,1,1,1,0,0,0,0,0,1,1,1,0,0,1,1,0,0,1,1,0,0,7,6,2,1,1,1,1
Restoring Reasonable Expectations to Privacy at Work in the Face.pdf,5,0,0,0,0,0,0,0,0,0,1,0,1,0,0,0,1,0,0,0,0,0,0,0,0,1,0,0,1,0,0,0,2,2,1,1,1,1,1
Revolutionizing work-life balance  Unleashing the power of telecommuting on work engagement and exhaustion levels.pdf,1,1,1,1,1,0,0,1,0,0,0,1,0,0,0,0,0,0,0,0,1,0,0,0,0,0,0,0,0,0,0,0,6,1,0,1,1,0,0
Reworking boundaries in the home-as-office  boundary traffic during COVID-19 lockdown and the future of working from home.pdf,2,1,0,0,0,0,1,1,0,0,0,1,0,0,0,0,1,0,0,0,0,0,0,0,0,1,0,0,0,0,0,0,4,2,0,1,1,0,1
Roberts_L_2023_EdD.pdf,4,0,0,0,0,0,0,0,0,0,0,0,0,0,0,0,0,0,0,0,0,0,0,0,0,0,0,0,0,0,0,0,0,0,0,0,0,0,0
Ruigrok & Schäfer_Together but still alone.pdf,4,0,0,0,0,0,0,0,0,0,1,0,0,0,0,0,0,0,0,0,0,0,1,0,1,0,0,0,0,0,0,0,1,2,0,1,1,0,0
SJWEH-51-53.pdf,1,0,0,1,0,0,1,0,0,1,0,1,0,0,0,0,1,0,0,0,1,1,0,0,0,0,0,0,1,0,0,0,4,3,1,1,1,1,1
Sai+Praveen+Kudapa_Procedia_2025_801–832.pdf,2,0,0,0,0,0,0,0,0,0,0,0,1,0,0,0,0,0,0,0,1,0,0,0,1,1,0,0,0,0,0,0,1,3,0,1,1,0,0
Sbalzer-KM-111.pdf,5,1,0,0,0,0,0,1,0,0,1,1,0,0,1,0,1,0,0,0,1,1,0,0,1,0,0,0,1,0,0,0,4,5,1,1,1,1,1
Social   Personality Psych - 2023 - Stavrova - Does remote work erode trust in organizations  A within%E2%80%90person investigation.pdf,2,1,1,0,1,0,0,0,1,1,1,1,0,0,0,0,0,0,0,0,0,1,0,0,1,0,0,0,0,0,0,0,7,2,0,1,1,0,0
Sociology Compass - 2022 - Karjalainen - Gender and the blurring boundaries of work in the era of telework A longitudinal.pdf,1,1,0,1,0,0,0,0,0,0,1,1,0,0,0,0,0,0,0,1,0,0,0,0,0,1,0,0,0,0,0,0,4,2,0,1,1,0,0
TEMJournalFebruary2025_823_835.pdf,4,1,0,1,1,0,1,1,0,1,1,1,1,0,0,1,0,0,0,1,1,0,0,0,1,1,0,1,1,0,0,0,9,6,1,1,1,1,1
TPM-V32-S3-2025-90.pdf,3,0,0,1,1,0,1,1,0,1,0,1,0,0,0,0,0,0,1,0,1,0,0,0,0,0,0,1,1,0,0,0,6,3,1,1,1,1,1
Technostress_and_Telecommuting_in_the_Co.pdf,1,1,0,1,1,1,1,0,0,0,0,0,0,0,0,0,0,0,1,0,1,0,0,0,0,0,0,0,0,0,0,0,5,2,0,1,1,0,1
Technostress_and_perceived_disadvan.pdf,3,1,1,1,1,1,1,1,1,0,0,1,0,0,0,0,0,1,0,0,1,0,0,0,0,0,0,0,0,0,0,0,9,2,0,1,1,0,1
Technostress_and_work_exhaustion_unravel.pdf,2,1,0,1,1,1,1,1,0,0,0,1,0,0,1,0,0,0,0,0,1,1,1,0,0,0,0,0,0,0,0,0,7,4,0,1,1,0,1
Telecommuting_Professional_Isolation_and.pdf,1,0,0,0,0,0,1,0,0,1,0,1,0,0,0,0,0,0,1,0,0,1,0,0,0,0,0,0,0,0,0,0,3,2,0,1,1,0,1
Telecommuting_and_Leadership_Style_Publi.pdf,1,1,0,0,0,0,0,0,0,1,0,1,0,0,0,0,0,0,0,1,0,0,1,0,0,0,0,1,1,0,0,0,3,3,1,1,1,1,0
Telework and Organizational Citizenship Behaviors_ The Underexplo.pdf,1,0,0,0,0,0,0,0,0,1,0,0,0,0,0,0,1,0,0,0,0,0,0,0,0,0,0,1,0,0,0,0,1,2,0,1,1,0,1
Telework_Perception_and_Implications_dur.pdf,1,1,0,1,1,0,1,1,0,1,1,1,0,0,0,0,0,0,0,0,1,0,0,0,0,0,0,0,0,0,0,0,8,1,0,1,1,0,0
Teleworking_role_of_psycholog.pdf,0,0,0,1,0,1,1,1,0,1,0,1,1,0,0,0,0,0,0,0,1,1,0,0,0,0,0,0,0,0,0,0,7,2,0,1,1,0,0
Tesi_dottorato_Massa.pdf,1,1,0,1,1,1,1,0,0,0,1,0,0,0,0,0,0,0,0,0,0,1,0,0,0,0,0,0,0,0,0,0,6,1,0,1,1,0,0
The Impact of Work Setting Autonomy and Belonging on Employees?.pdf,3,1,0,0,0,0,0,0,0,0,1,0,1,0,0,0,1,0,0,0,0,0,0,0,0,0,0,0,0,0,0,0,3,1,0,1,1,0,1
The effectiveness of well-being-oriented human resource management in the context of telework.pdf,1,1,0,1,0,0,1,0,0,1,1,0,0,0,0,0,0,0,0,0,0,0,0,0,0,0,0,0,0,0,0,0,5,0,0,1,0,0,0
The impact of remote work and mediated communication frequency on isolation and psychological distress.pdf,2,1,0,1,0,0,1,0,0,1,0,0,1,0,0,0,0,0,0,0,0,0,0,0,0,0,0,0,0,0,0,0,5,0,0,1,0,0,0
TheEvolutionofRemoteWorkAnalyzingStrategiesforEffectiveVirtualTeamManagementandCollaboration.pdf,2,0,1,0,0,0,0,1,0,0,0,1,0,0,0,1,1,0,0,0,1,0,0,0,1,1,0,0,0,0,0,0,3,5,0,1,1,0,1
TheSilentStruggle_UncoveringDigitalStressinHybridWork.pdf,3,1,0,1,1,1,1,1,0,1,0,1,1,1,0,0,1,0,0,1,1,1,0,0,0,0,0,0,0,0,0,0,9,5,0,1,1,0,1
The_Corporate_Brand_Identity_in_a_Hybrid_Workp.pdf,3,0,0,0,0,0,0,0,0,0,0,0,0,0,0,0,0,0,0,0,0,0,0,0,0,0,0,0,0,0,0,0,0,0,0,0,0,0,0
The_Psychology_of_Hybrid_Work_Understand.pdf,3,1,1,1,1,1,1,1,0,1,1,1,0,0,0,0,0,0,0,0,1,1,0,0,1,1,0,0,0,0,0,0,10,4,0,1,1,0,0
The_moderating_role_of_remote_.pdf,0,0,0,1,1,0,1,1,0,1,0,1,0,1,1,0,0,0,0,1,1,0,0,0,0,1,0,0,0,0,0,1,6,5,1,1,1,1,1
The_telework_performance_dilem.pdf,0,0,0,1,1,0,1,0,0,1,1,1,1,0,0,0,0,0,0,0,1,1,0,0,1,0,0,0,0,1,0,0,7,3,1,1,1,1,0
Theeffectsoftechnostressorsonworkandnon-workoutcomesinhybridwork.pdf,3,0,1,1,1,1,1,1,1,0,0,1,0,0,0,0,1,0,0,0,0,1,0,0,0,0,0,0,0,0,0,0,8,2,0,1,1,0,1
Theorizing the Effect of Organizational Identification on Vacatio.pdf,2,0,0,0,1,0,1,0,0,0,0,1,1,0,0,0,0,0,0,0,0,0,0,0,0,0,0,0,0,0,0,0,4,0,0,1,0,0,0
Togetherness and (work)Place: Insights from Workers and Managers during Australian COVID-Induced Lockdowns.pdf,2,0,0,1,0,0,0,0,0,0,0,1,1,0,0,0,1,0,0,1,1,0,0,0,1,0,0,0,0,0,0,0,3,4,0,1,1,0,1
Towards_a_sustainable_workplac.pdf,0,1,0,1,1,0,1,0,1,1,1,0,0,0,1,0,0,1,1,0,1,0,0,0,0,0,0,0,0,1,0,0,7,4,1,1,1,1,1
Turnitin%20The%20impact%20of%20digital%20fatigue%20on%20employee%20productivity%20and%20well-being.pdf,3,0,0,0,0,0,0,0,0,0,0,0,0,0,0,0,0,0,0,0,0,0,0,0,0,0,0,0,0,0,0,0,0,0,0,0,0,0,0
Understanding_teleworkers’_tec.pdf,0,1,0,0,0,1,1,0,0,1,1,1,1,0,0,1,1,0,0,0,1,0,0,0,1,0,0,0,0,0,0,0,7,4,0,1,1,0,1
Understanding_the_Moderating_E.pdf,4,0,0,0,1,0,0,0,0,0,0,0,0,0,0,0,0,0,0,0,0,0,0,0,0,0,0,0,0,0,0,0,1,0,0,1,0,0,0
Voluntary_part-time_and_mandat.pdf,0,1,0,1,0,0,1,1,0,1,1,0,0,0,1,0,0,0,1,0,1,1,1,0,1,0,0,0,0,0,0,0,6,6,0,1,1,0,1
Wellbeing_Remote.pdf,3,1,0,1,1,0,1,1,0,0,0,1,0,0,0,0,0,0,0,0,1,0,0,0,1,1,0,0,0,0,0,0,6,3,0,1,1,0,0
What_is_healthy_hybrid_work_E.pdf,0,0,0,1,1,0,1,1,0,1,1,0,0,0,0,0,0,0,0,0,0,0,0,0,1,1,0,0,0,0,0,0,6,2,0,1,1,0,0
Wilson 2023 Authoritarian Leadership Style and Psychological Safety.pdf,4,0,0,1,0,0,1,0,0,0,0,0,1,0,0,0,0,0,0,0,0,0,0,0,0,0,0,0,0,0,0,0,3,0,0,1,0,0,0
Work engagement and its antecedents in remote work  A person-centered view.pdf,2,1,1,1,1,0,1,0,0,0,1,0,0,0,0,0,0,0,0,0,0,1,0,0,0,0,0,0,0,0,0,0,6,1,0,1,1,0,0
Work from home can be distracting  Exploring the moderation role of transformational leadership on teleworking and cyber-slacking.pdf,1,0,0,0,0,0,1,1,0,0,1,1,0,0,0,0,0,0,0,0,1,0,1,0,0,1,0,1,0,0,0,1,4,4,1,1,1,1,0
Work life balance in the digital era  configuring demands and resources at work.pdf,3,0,0,1,0,0,1,1,0,1,1,0,0,0,0,0,0,0,0,0,1,0,0,0,0,0,0,0,0,0,0,0,5,1,0,1,1,0,0
a965102-030(2023).pdf,5,0,1,0,1,0,1,1,0,1,0,1,0,0,0,0,1,0,0,0,1,0,0,0,1,0,0,0,1,0,0,0,6,3,1,1,1,1,1
"admin,+PUBLISH_PAULUS.pdf",4,0,0,0,0,0,0,0,0,1,0,0,1,1,0,0,0,0,0,1,0,0,0,1,1,1,0,0,0,1,0,0,2,5,1,1,1,1,1
admsci-13-00055.pdf,0,1,0,1,1,1,1,1,0,0,0,0,0,0,0,0,0,0,1,0,1,0,0,0,0,1,0,0,0,0,0,0,6,3,0,1,1,0,1
admsci-13-00150.pdf,0,0,0,1,1,0,1,1,0,1,1,1,0,0,0,0,1,0,0,1,1,0,0,0,1,1,0,0,1,0,0,0,7,5,1,1,1,1,1
admsci-13-00218.pdf,0,0,0,1,0,0,1,0,0,0,0,0,0,0,1,0,0,0,0,0,0,0,0,0,1,1,0,0,0,0,0,0,2,3,0,1,1,0,1
admsci-15-00398.pdf,3,0,1,1,0,1,1,1,0,1,1,1,1,0,0,0,0,0,0,0,1,1,0,0,1,0,0,0,1,0,0,0,9,3,1,1,1,1,0
"agung,+1.+Anthony+Leonard+Limanta+001-016.pdf",1,1,0,0,0,0,1,1,0,0,0,1,0,0,1,0,1,0,0,0,0,0,0,0,1,0,0,0,0,0,1,0,4,3,1,1,1,1,1
ajems-07-2022-0306.pdf,0,0,1,1,1,1,1,1,0,0,0,1,0,0,0,0,0,0,1,0,1,0,0,0,0,1,0,1,0,0,0,0,7,4,0,1,1,0,1
alasoini-2025-reproducing-clan-mechanisms-of-control-in-hybrid-work.pdf,2,0,0,0,0,0,0,0,0,0,1,1,1,0,0,0,1,0,0,0,0,1,0,0,1,0,0,0,1,0,0,0,3,3,1,1,1,1,1
annurev-orgpsych-110622-060758.pdf,0,0,0,0,0,0,1,0,0,0,0,0,1,0,0,0,1,0,0,0,1,0,0,0,0,1,0,0,1,0,0,0,2,3,1,1,1,1,1
article_109597.pdf,1,0,0,1,0,0,1,1,0,0,0,1,0,0,1,0,0,0,0,0,0,0,0,0,0,0,0,0,0,0,0,0,4,1,0,1,1,0,1
article_91370.pdf,1,0,0,1,1,0,1,1,0,0,1,1,0,0,1,0,1,0,0,0,0,1,0,0,0,0,0,0,0,0,0,0,6,3,0,1,1,0,1
bartelwrzesniewskiwiesenfeld.pdf,4,0,0,0,0,0,0,0,0,1,0,0,1,0,0,0,0,0,0,0,0,1,0,0,0,0,0,0,1,0,0,0,2,1,1,1,1,1,0
behavsci-13-00835.pdf,0,1,0,1,0,0,1,1,1,1,0,1,0,0,0,0,0,0,1,0,1,1,0,0,1,0,0,0,0,0,0,0,7,4,0,1,1,0,1
behavsci-13-00916.pdf,0,1,0,1,1,0,1,1,0,0,1,1,0,0,0,0,0,1,0,0,1,0,0,0,1,0,0,1,1,0,0,0,7,4,1,1,1,1,1
behavsci-14-00674-v4.pdf,0,0,1,1,0,0,1,1,0,0,1,1,0,0,0,0,0,0,0,0,0,0,0,0,0,0,0,0,1,0,0,1,6,0,2,1,0,1,0
behavsci-15-00095.pdf,0,0,0,1,0,0,1,0,0,0,1,1,0,0,1,0,0,0,0,0,0,0,0,0,0,0,0,1,0,0,0,1,4,2,1,1,1,1,1
boulet-parent-lamarche-2022-paradoxical-effects-of-teleworking-on-workers-well-being-in-the-covid-19-context-a.pdf,1,0,0,1,0,0,1,1,0,0,0,1,0,0,1,0,0,0,0,1,0,0,0,0,0,0,0,0,0,0,0,0,4,2,0,1,1,0,1
cdc_207491_DS1.pdf,1,1,0,1,0,0,1,1,1,0,0,1,1,0,0,0,0,0,0,0,0,0,0,0,0,0,0,0,0,0,0,0,7,0,0,1,0,0,0
cdc_223707_DS1.pdf,1,1,0,0,0,0,1,1,0,0,0,1,0,0,0,0,1,0,0,1,1,0,1,0,1,1,0,0,0,0,0,0,4,6,0,1,1,0,1
challenges-13-00014.pdf,0,1,0,1,1,0,1,0,0,0,0,0,0,0,0,0,0,0,0,0,1,1,0,0,0,0,0,0,1,0,0,0,4,2,1,1,1,1,0
chychun_effective management.pdf,2,0,0,1,0,0,0,1,0,1,0,1,0,0,0,0,0,0,0,0,1,0,0,0,1,1,0,0,0,0,0,0,4,3,0,1,1,0,0
content.pdf,3,1,0,1,0,1,1,0,0,1,1,0,0,0,0,0,0,0,0,0,0,0,0,0,0,0,0,0,0,0,0,0,6,0,0,1,0,0,0
covid-02-00101-v2.pdf,0,1,0,1,1,0,1,1,0,1,1,0,0,0,1,0,0,0,0,0,1,0,0,0,0,0,0,0,0,0,0,0,7,2,0,1,1,0,1
cyber.2021.0257.pdf,3,0,0,1,1,0,1,0,0,1,0,0,1,0,0,0,0,0,0,0,1,0,0,0,0,1,0,0,0,0,0,0,5,2,0,1,1,0,0
dalessandro-lovell-2024-the-pandemic-stratified-workplace-workspace-employee-sense-of-belonging-and-inequalities-at-work.pdf,2,1,0,1,1,0,1,1,0,1,0,0,1,0,0,0,0,1,0,0,0,0,0,0,1,1,0,0,0,0,0,0,7,3,0,1,1,0,1
doberstein-charbonneau-2022-alienation-in-pandemic-induced-telework-in-the-public-sector.pdf,1,1,0,1,0,0,1,1,1,1,1,1,1,0,0,0,0,0,0,1,1,0,0,0,0,0,0,0,0,1,0,0,9,2,1,1,1,1,0
"drdujak,+18+-+Komanovics.pdf",5,0,0,1,0,0,0,0,0,0,0,0,0,0,0,0,0,0,0,0,1,0,0,0,0,0,0,1,1,0,0,0,1,2,1,1,1,1,0
e2025380.pdf,3,1,0,1,1,1,1,1,0,0,0,0,1,0,0,0,0,0,0,1,1,1,0,0,0,0,0,0,1,0,0,0,7,3,1,1,1,1,0
er-04-2024-0199en.pdf,2,0,0,1,1,1,1,1,0,1,1,1,0,0,0,0,0,0,1,0,1,0,0,0,0,0,0,0,0,0,0,0,8,2,0,1,1,0,1
fb24aaec11f23ae04cda9daba6bcbf8b4329.pdf,1,1,0,1,0,0,1,1,0,0,1,1,0,0,0,0,0,1,1,0,1,0,0,0,0,1,0,0,0,0,0,0,6,4,0,1,1,0,1
feduc-9-1512536.pdf,2,0,0,1,1,1,1,1,0,1,1,1,1,0,0,0,0,0,0,0,1,1,0,0,0,0,0,0,0,0,0,0,9,2,0,1,1,0,0
forgp-02-1360373.pdf,1,1,0,1,1,1,1,1,0,1,1,1,1,0,0,0,0,0,1,0,1,1,0,0,0,0,0,0,1,0,0,0,10,3,1,1,1,1,1
forgp-02-1430812.pdf,0,0,1,1,1,0,1,1,0,1,1,1,1,0,0,0,1,0,0,0,1,0,0,0,1,1,0,1,1,0,0,1,9,5,2,1,1,1,1
forgp-02-1448894.pdf,3,0,0,1,0,0,0,0,0,0,1,1,0,0,0,0,1,0,0,0,0,0,0,0,1,0,0,0,0,0,0,0,3,2,0,1,1,0,1
forgp-2-1499248.pdf,1,0,0,1,0,0,1,0,0,1,1,0,1,0,0,0,0,0,0,0,1,1,0,1,1,1,1,0,0,0,0,0,5,6,0,1,1,0,0
fpsyg-13-1016368.pdf,1,1,1,1,0,0,1,1,0,1,1,0,1,0,0,0,0,0,1,0,1,1,0,0,0,1,0,0,0,0,0,0,8,4,0,1,1,0,1
fpsyg-13-833776.pdf,4,1,1,1,0,0,0,0,0,1,1,0,0,0,0,0,0,0,0,0,0,1,0,0,0,0,0,0,1,0,0,0,5,1,1,1,1,1,0
fpsyg-13-863197.pdf,1,0,0,0,0,0,1,1,0,0,1,1,0,0,0,0,0,0,0,0,1,0,0,0,0,0,0,0,0,0,0,0,4,1,0,1,1,0,0
fpsyg-13-898405.pdf,1,1,0,1,1,0,1,0,0,1,0,0,0,0,0,0,0,0,0,0,0,0,0,0,0,0,0,0,0,0,0,0,5,0,0,1,0,0,0
fpsyg-13-987976.pdf,2,0,0,1,1,1,1,1,0,1,1,1,1,0,0,0,1,0,0,1,1,0,1,0,1,1,0,1,0,0,0,0,9,7,0,1,1,0,1
fpsyg-13-988105.pdf,4,1,1,0,0,0,1,0,0,0,1,1,0,0,0,0,1,0,0,0,0,1,0,0,0,0,0,1,1,0,0,0,5,3,1,1,1,1,1
fpsyg-14-1065593.pdf,1,0,0,1,0,0,1,1,0,1,1,1,1,0,0,0,1,1,0,0,1,0,0,0,0,0,0,0,1,0,0,0,7,3,1,1,1,1,1
fpsyg-14-1098336.pdf,0,0,1,1,1,1,1,0,0,1,1,1,1,0,0,0,1,0,0,0,0,0,0,0,0,0,0,0,1,0,0,0,9,1,1,1,1,1,1
fpsyg-14-1099138.pdf,1,1,0,1,0,0,0,1,0,1,0,0,1,0,0,0,0,0,0,0,0,1,0,0,1,0,0,0,0,0,0,0,5,2,0,1,1,0,0
fpsyg-14-1110108.pdf,1,1,1,1,1,0,1,1,1,1,1,1,0,1,0,0,0,1,0,0,1,1,0,0,0,0,0,1,0,1,0,0,10,5,1,1,1,1,1
fpsyg-14-1150707.pdf,1,0,0,1,0,0,1,1,0,0,0,1,0,0,0,0,0,0,0,0,0,0,0,0,0,0,0,0,0,0,0,0,4,0,0,1,0,0,0
fpsyg-14-1155118.pdf,1,0,1,1,1,0,1,1,0,0,1,0,0,0,0,0,1,0,0,0,1,0,0,0,0,0,0,0,0,0,0,0,6,2,0,1,1,0,1
fpsyg-14-1173425.pdf,1,0,0,1,1,1,1,0,0,1,0,0,1,0,0,0,1,0,0,0,1,1,0,0,0,1,0,0,0,0,0,0,6,4,0,1,1,0,1
fpsyg-14-1193854.pdf,2,1,1,1,1,1,1,1,1,1,1,1,1,0,0,0,0,1,0,0,1,1,0,0,0,1,0,0,0,0,0,0,12,4,0,1,1,0,1
fpsyg-15-1383207.pdf,1,1,1,0,1,0,1,0,0,1,1,0,0,1,0,0,1,1,0,0,1,1,0,0,1,1,0,0,1,0,0,0,6,7,1,1,1,1,1
fpsyg-16-1524804.pdf,3,1,0,1,1,0,1,1,0,1,1,1,1,0,0,0,0,0,0,0,0,0,0,0,0,0,0,0,0,0,0,1,9,0,1,1,0,1,0
fpubh-10-796321.pdf,0,0,1,0,1,1,1,0,0,1,1,0,1,0,0,0,0,0,0,0,0,0,0,0,0,0,0,0,0,0,0,0,7,0,0,1,0,0,0
g%C3%BCnther-et-al-2022-the-joint-role-of-hrm-and-leadership-for-teleworker-well-being-an-analysis-during-the-covid-19.pdf,1,1,1,1,0,0,1,1,0,1,1,1,0,0,0,0,0,0,0,0,0,0,0,0,1,0,0,1,0,0,0,0,8,2,0,1,1,0,0
glavin-et-al-2024-private-eyes-they-see-your-every-move-workplace-surveillance-and-worker-well-being.pdf,5,1,0,1,1,0,1,0,0,0,1,0,0,0,0,0,0,0,0,0,0,0,0,0,0,0,0,0,1,0,0,0,5,0,1,1,0,1,0
"google,+qems_v5_i6_1227-1240_3333.pdf",3,1,1,1,0,0,0,1,0,0,0,1,0,1,0,0,0,0,1,0,1,1,0,0,1,0,0,0,0,0,0,0,5,5,0,1,1,0,1
gualano-et-al-2022-telework-related-stress-%28terra%29-psychological-and-physical-strain-of-working-from-home-during-the.pdf,1,1,0,1,1,1,1,1,0,1,0,1,1,0,0,0,1,0,0,0,1,0,0,0,0,0,0,0,0,0,0,0,9,2,0,1,1,0,1
guti%C3%A9rrez-crocco-et-al-2023-the-impact-of-remote-work-on-managerial-compliance-changes-in-the-control-regime-over-line.pdf,2,0,0,1,0,0,1,0,0,0,1,1,0,0,0,0,0,0,0,0,1,0,0,0,0,1,0,0,0,0,0,0,4,2,0,1,1,0,0
haun-et-al-2022-boundary-management-and-recovery-when-working-from-home-the-moderating-roles-of-segmentation-preference.pdf,1,0,0,1,1,0,1,1,0,0,0,1,0,0,0,0,0,0,0,0,0,0,0,0,0,0,0,0,0,0,0,0,5,0,0,1,0,0,0
healthcare-11-00446-v2.pdf,0,0,1,1,1,1,1,1,0,1,0,1,0,1,1,0,0,0,1,0,1,0,1,0,1,1,0,0,1,0,0,0,8,7,1,1,1,1,1
healthcare-13-01943-v2.pdf,0,0,0,1,1,0,1,0,0,1,1,1,1,0,0,0,1,0,0,0,1,1,0,0,0,1,0,0,0,0,0,0,7,4,0,1,1,0,1
ijerph-18-05458.pdf,0,1,1,1,1,1,1,0,0,0,0,1,0,0,0,0,0,0,0,0,0,1,0,0,0,1,0,0,0,0,0,0,7,2,0,1,1,0,0
ijerph-18-10302-v2.pdf,0,0,0,1,1,0,1,0,0,0,0,0,0,0,0,0,1,0,0,0,0,0,0,0,0,0,0,0,0,0,0,0,3,1,0,1,1,0,1
ijerph-19-01267.pdf,0,0,1,1,1,0,1,1,1,1,1,1,0,0,1,0,0,0,1,0,1,0,0,0,1,0,0,0,0,0,0,0,9,4,0,1,1,0,1
ijerph-19-02602-v2.pdf,0,0,0,1,1,0,1,0,0,1,1,0,1,0,0,0,0,0,0,0,1,0,0,0,0,0,0,0,1,0,0,0,6,1,1,1,1,1,0
ijerph-19-03837-v3.pdf,0,0,0,1,1,0,1,0,0,0,0,1,0,0,0,0,0,0,0,0,1,0,0,0,1,0,0,0,0,0,0,0,4,2,0,1,1,0,0
ijerph-19-03879-v2.pdf,0,0,0,1,1,0,1,0,0,0,1,0,0,0,0,0,0,0,0,0,0,0,0,0,0,0,0,0,0,0,0,0,4,0,0,1,0,0,0
ijerph-19-04955-v2.pdf,0,0,0,1,0,0,1,1,0,1,1,1,0,0,0,0,1,0,0,0,1,0,0,0,0,0,0,0,0,0,0,0,6,2,0,1,1,0,1
ijerph-19-12016-v3.pdf,0,0,1,1,1,0,1,0,0,0,1,0,0,0,0,0,1,0,0,0,1,1,0,0,1,0,0,1,0,0,0,0,5,5,0,1,1,0,1
ijerph-20-01811-v2.pdf,0,1,0,1,1,0,1,1,0,1,1,1,1,0,0,0,0,0,1,1,1,0,0,0,0,0,0,0,0,0,0,0,9,3,0,1,1,0,1
ijerph-20-04182.pdf,0,0,0,1,1,0,1,1,1,1,1,1,1,0,0,0,0,0,0,0,1,0,0,0,0,0,0,0,0,0,0,0,9,1,0,1,1,0,0
ijerph-20-04781.pdf,0,0,0,1,1,0,1,1,0,0,0,0,1,0,0,0,1,0,0,0,1,0,0,0,0,0,0,0,0,0,0,0,5,2,0,1,1,0,1
ijm-05-2022-0223.pdf,0,0,0,1,0,0,1,1,0,1,1,1,0,0,1,0,0,0,0,0,1,0,0,0,0,0,0,0,0,0,0,0,6,2,0,1,1,0,1
ijwhm-02-2021-0042.pdf,0,0,0,1,1,1,1,1,0,0,1,0,1,0,0,0,0,0,0,0,1,0,0,0,1,0,0,0,1,0,0,0,7,2,1,1,1,1,0
intr-01-2025-0041en.pdf,3,1,0,1,1,1,1,0,0,1,1,1,0,0,0,0,0,0,0,0,0,0,0,0,0,0,0,0,0,0,0,0,8,0,0,1,0,0,0
iwad014.pdf,5,0,0,0,0,0,1,0,0,0,1,0,0,0,0,0,1,0,0,0,1,0,0,0,0,0,0,0,1,0,0,0,2,2,1,1,1,1,1
jcom-02-2023-0023.pdf,0,1,1,1,0,0,1,1,0,1,0,0,1,0,0,0,1,0,0,0,0,1,1,0,1,0,0,0,0,0,0,0,7,4,0,1,1,0,1
jeet-08-2024-0023.pdf,0,0,1,1,0,0,0,1,0,1,1,1,1,0,0,0,0,0,0,1,1,0,0,0,1,1,0,0,0,1,0,1,7,4,2,1,1,1,0
joem-64-e811.pdf,0,0,0,0,0,0,0,0,0,1,1,0,0,0,0,0,1,0,0,0,1,0,0,0,1,0,0,0,0,0,0,0,2,3,0,1,1,0,1
journal.pone.0323385.pdf,1,1,0,0,1,1,1,0,0,0,1,1,0,0,0,0,1,0,0,0,1,1,0,0,0,0,0,0,0,0,0,0,6,3,0,1,1,0,1
kim-et-al-2025-navigating-leadership-in-hybrid-or-remote-workplaces-a-systematic-review-of-employee-engagement.pdf,4,0,1,1,0,0,0,0,0,1,1,1,0,0,0,0,0,0,0,0,1,1,0,0,1,0,0,1,0,0,0,0,5,4,0,1,1,0,0
"leonardobattista,+6+Molè+2+2022+Theme.pdf",5,0,0,0,0,0,1,0,0,0,1,0,0,0,0,0,1,0,0,0,1,0,0,0,0,1,0,0,1,0,0,0,2,3,1,1,1,1,1
lodj-09-2023-0490.pdf,0,0,1,1,0,0,0,0,0,1,0,0,0,1,1,0,0,0,1,0,1,1,0,1,1,0,0,0,0,0,0,0,3,7,0,1,1,0,1
main copy.pdf,1,1,0,1,0,0,1,1,0,1,1,0,0,0,1,0,1,0,1,0,1,1,1,0,1,0,0,0,0,0,0,0,6,7,0,1,1,0,1
main-2 copy.pdf,2,0,0,0,0,0,1,1,0,0,0,1,0,0,0,0,1,0,0,0,1,0,0,0,0,0,0,0,0,0,0,0,3,2,0,1,1,0,1
main-3.pdf,2,1,0,1,1,0,0,1,0,1,0,1,0,1,0,0,0,0,0,0,1,1,1,0,0,1,0,0,0,0,0,0,6,5,0,1,1,0,1
mastersthesis_paloly_santhoshkumar_haritha.pdf,3,0,0,0,0,0,0,0,0,1,1,0,1,0,0,0,0,0,0,0,0,0,0,0,0,0,0,0,0,0,0,0,3,0,0,1,0,0,0
merits-03-00010-v2.pdf,0,0,0,1,1,0,1,0,0,1,0,0,1,0,0,0,1,0,0,0,0,0,0,0,1,0,0,0,0,0,0,0,5,2,0,1,1,0,1
metselaar-et-al-2022-teleworking-at-different-locations-outside-the-office-consequences-for-perceived-performance-and.pdf,1,0,0,1,0,0,0,1,0,1,1,1,0,0,0,0,0,0,0,0,0,0,1,0,0,0,0,0,0,0,0,0,5,1,0,1,1,0,0
mohase-et-al-2025-inclusive-leadership-psychological-safety-and-employee-voice-in-remote-and-hybrid-work-employees.pdf,4,0,0,0,0,0,0,0,0,1,0,0,1,0,0,0,0,0,0,0,0,1,0,0,0,0,0,0,0,0,0,0,2,1,0,1,1,0,0
mumtaz-2024-working-remotely-feeling-remote-the-role-of-digitally-mediated-communication-in-shaping-the-identity-of.pdf,4,0,0,0,0,0,0,0,0,0,0,1,1,0,0,0,0,0,0,0,0,0,0,0,1,0,0,0,0,0,0,0,2,1,0,1,1,0,0
neu_4f18wr938.pdf,4,1,0,0,0,0,0,0,0,1,0,1,1,0,0,0,0,0,0,0,0,0,0,0,0,0,0,0,0,0,0,0,4,0,0,1,0,0,0
neu_ms397g103.pdf,4,0,0,0,0,0,0,0,0,0,0,0,0,0,0,0,0,0,0,0,0,0,0,0,0,0,0,0,0,0,0,0,0,0,0,0,0,0,0
nordenmark-vinberg-2023-working-from-home-work-life-conflict-and-mental-wellbeing-in-europe-during-the-covid-19-pandemic.pdf,0,1,0,1,1,0,1,0,0,1,1,1,1,0,0,1,1,0,0,0,1,0,0,0,0,0,0,0,0,0,0,0,8,3,0,1,1,0,1
out.pdf,2,0,0,0,0,0,0,0,1,1,0,0,0,0,0,0,0,0,0,0,0,1,1,0,0,0,0,0,0,0,0,0,2,2,0,1,1,0,0
papadonikolaki-morgan-2025-leading-psychologically-safe-digitally-enabled-project-teams.pdf,4,1,1,1,0,0,0,0,0,0,0,0,0,0,0,0,0,0,0,0,1,0,0,0,1,1,1,0,0,0,0,0,3,4,0,1,1,0,0
pink-harper-rauhaus-2023-an-examination-of-telework-policies-balancing-work-life-demands-during-the-new-normal.pdf,2,1,0,1,0,1,1,1,0,1,1,1,1,1,0,0,0,0,0,0,1,1,1,0,1,1,0,1,0,0,0,0,9,7,0,1,1,0,1
proceedings-82-00084.pdf,0,0,0,1,1,0,1,1,0,0,1,1,0,0,0,0,0,1,1,0,1,1,0,0,1,0,0,0,0,0,0,0,6,5,0,1,1,0,1
qin-2024-the-impact-of-organization-employee-dialogic-communication-on-employee-engagement-in-remote-work.pdf,4,0,1,0,1,0,0,0,0,1,0,0,1,0,0,0,0,0,0,0,0,1,0,0,0,0,0,0,0,0,0,0,4,1,0,1,1,0,0
rTdrqN64CyxbCtsx4mNjVWN.pdf,1,1,0,1,0,0,1,1,0,0,0,1,0,0,0,0,0,0,0,0,1,0,0,0,0,1,0,0,0,0,0,0,5,2,0,1,1,0,0
rbmt-21-03-e20221003.pdf,1,0,0,1,1,1,1,0,0,1,0,1,1,0,0,0,0,0,0,0,1,0,0,0,1,0,0,0,0,0,0,0,7,2,0,1,1,0,0
rege-07-2021-0116.pdf,0,0,0,1,0,0,1,1,0,1,1,1,0,0,0,0,0,0,0,0,0,0,0,0,0,0,0,0,0,0,0,0,6,0,0,1,0,0,0
remote_work_jsis.pdf,3,1,0,1,0,0,1,1,0,1,1,1,1,0,0,0,0,0,0,0,1,0,0,0,1,0,0,0,1,0,0,0,8,2,1,1,1,1,0
s10111-022-00693-4.pdf,1,1,1,1,1,1,1,0,0,1,1,1,1,0,0,0,0,0,0,1,1,1,1,0,0,1,0,0,0,0,0,0,10,5,0,1,1,0,0
s10639-025-13459-y.pdf,1,1,0,1,1,1,1,0,0,0,0,1,0,0,0,0,0,0,0,0,1,1,1,0,0,0,0,0,0,0,0,0,6,3,0,1,1,0,0
s11482-024-10340-x.pdf,1,0,0,1,0,0,1,1,0,1,1,1,0,0,0,0,0,0,0,0,1,0,0,0,0,0,0,1,0,0,0,0,6,2,0,1,1,0,0
s12144-022-02873-x.pdf,1,1,0,1,0,0,1,1,0,1,1,1,0,0,0,0,1,0,0,0,1,1,0,0,0,0,0,0,0,0,0,0,7,3,0,1,1,0,1
s12144-022-03492-2.pdf,2,0,0,1,1,0,1,1,0,0,0,1,0,0,0,0,0,0,0,0,1,0,0,0,0,0,0,0,0,0,0,0,5,1,0,1,1,0,0
s12144-023-04250-8.pdf,1,0,1,1,1,0,1,1,0,1,1,1,0,0,0,0,0,0,1,0,0,0,0,0,0,0,0,0,0,0,0,1,8,1,1,1,1,1,1
s12599-024-00866-7.pdf,5,0,0,0,0,0,0,0,0,0,0,0,0,0,1,0,0,0,0,0,1,0,0,0,0,0,0,0,1,0,0,0,0,2,1,0,1,1,1
s12889-024-18178-6.pdf,1,0,0,1,0,0,1,1,0,0,0,0,0,0,0,0,0,0,0,0,0,0,0,0,1,0,0,0,0,0,0,0,3,1,0,1,1,0,0
s40299-022-00706-w.pdf,1,0,0,1,1,0,1,0,0,1,1,1,0,0,0,0,0,0,0,0,0,1,0,0,0,0,0,0,0,0,0,0,6,1,0,1,1,0,0
s41598-024-63518-6.pdf,4,0,0,1,1,0,1,1,0,1,1,0,0,0,0,0,1,1,0,0,1,1,0,0,0,0,0,1,0,0,0,0,6,5,0,1,1,0,1
s44202-025-00342-7.pdf,2,1,1,1,1,0,1,1,0,1,1,1,1,0,0,0,1,0,0,1,1,1,1,0,0,0,0,0,0,0,0,0,10,5,0,1,1,0,1
shah-et-al-2024-unlocking-the-work-life-equation-critical-analysis-of-telework-factors-for-optimal-balance-in-the-it.pdf,1,1,1,1,1,0,1,1,0,0,1,1,0,1,0,0,0,0,0,1,1,1,0,0,1,1,0,0,0,0,0,0,8,6,0,1,1,0,1
socsci-13-00036.pdf,0,0,0,1,1,0,1,1,0,0,1,1,0,0,0,0,0,0,0,0,0,0,0,0,0,0,0,0,0,0,0,0,6,0,0,1,0,0,0
sokolic-2022-remote_work_and_hybrid_work-efri_5505-publishedversion-blfu2z-s.pdf,2,0,0,0,0,0,0,0,0,0,1,1,0,0,0,1,1,0,0,0,0,1,0,0,0,1,0,0,0,0,0,0,2,4,0,1,1,0,1
ssrn-4092787.pdf,5,0,0,0,0,0,1,0,0,0,0,1,0,0,0,0,0,0,0,0,0,0,0,0,0,0,0,0,1,0,0,0,2,0,1,1,0,1,0
ssrn-4518524.pdf,2,0,0,0,0,1,1,1,0,1,0,0,0,0,0,0,1,0,0,0,0,0,0,0,0,0,0,0,0,0,1,0,4,1,1,1,1,1,1
ssrn-4810633.pdf,1,0,0,0,0,0,1,0,0,0,1,1,0,0,1,0,0,0,0,0,1,0,0,0,0,0,0,0,1,0,0,0,3,2,1,1,1,1,1
ssrn-49323612.pdf,0,0,0,0,0,0,0,1,0,0,1,1,0,0,0,1,0,0,0,0,1,0,0,0,0,1,0,0,1,0,0,0,3,3,1,1,1,1,1
ssrn-5041183.pdf,2,1,1,1,0,0,0,1,0,1,1,1,0,0,1,1,1,0,0,1,1,0,0,0,1,0,0,0,0,0,0,1,7,6,1,1,1,1,1
ssrn-5085236.pdf,0,0,0,0,0,0,0,0,0,0,0,0,1,1,0,0,0,0,0,0,1,0,0,0,1,0,0,0,1,0,0,0,1,3,1,1,1,1,1
ssrn-5106503.pdf,2,0,0,0,0,0,1,0,0,0,0,0,0,0,0,0,0,0,0,0,0,0,0,0,1,0,0,0,1,0,0,0,1,1,1,1,1,1,0
ssrn-5580850.pdf,3,1,1,1,1,1,1,1,0,0,1,1,0,0,0,0,0,1,0,1,1,0,1,0,1,1,0,0,0,0,0,0,9,6,0,1,1,0,1
ssrn-6107886.pdf,3,1,1,1,1,1,1,1,0,1,1,1,0,0,0,0,0,0,0,0,0,1,0,0,1,0,0,0,1,0,0,0,10,2,1,1,1,1,0
sustainability-14-04220-v2.pdf,0,0,0,1,0,0,0,1,0,0,1,1,0,0,0,0,0,0,1,0,1,1,0,0,0,1,0,0,1,0,0,0,4,4,1,1,1,1,1
sustainability-14-04220.pdf,2,0,0,1,0,0,0,1,0,0,1,1,0,1,0,0,0,0,1,1,1,1,0,0,0,1,0,0,1,0,0,0,4,6,1,1,1,1,1
sustainability-14-05745.pdf,0,1,0,1,0,0,1,0,0,1,1,1,0,1,0,0,1,0,0,0,1,1,0,0,0,0,0,0,0,0,0,0,6,4,0,1,1,0,1
sustainability-14-05778-v2.pdf,0,1,0,1,0,0,1,1,0,0,1,1,0,0,0,0,1,0,0,0,1,0,0,0,0,1,0,0,0,0,0,0,6,3,0,1,1,0,1
sustainability-14-07146.pdf,0,0,0,0,0,0,1,1,0,1,1,1,0,0,0,0,1,0,1,0,1,0,0,0,1,1,0,0,1,0,1,0,5,5,2,1,1,1,1
sustainability-14-11722.pdf,0,1,0,1,1,0,1,0,0,0,1,1,0,0,0,0,0,0,0,0,1,1,0,1,1,0,0,1,1,0,0,0,6,5,1,1,1,1,0
sustainability-14-11874-v2.pdf,0,0,0,1,0,0,1,0,0,0,0,0,1,0,0,0,0,0,0,0,1,0,0,0,0,0,0,0,0,0,0,0,3,1,0,1,1,0,0
sustainability-14-16108.pdf,0,1,0,1,1,0,1,1,0,1,1,1,0,0,1,0,1,0,0,0,1,0,0,0,1,1,0,1,0,0,0,0,8,6,0,1,1,0,1
sustainability-15-05952-v2.pdf,0,0,0,1,0,0,1,0,0,1,0,1,1,0,0,0,1,0,1,0,1,0,0,0,1,0,0,0,0,0,0,0,5,4,0,1,1,0,1
sustainability-15-10631-v2.pdf,0,0,0,1,0,0,1,1,0,1,1,1,0,0,0,0,0,0,0,1,1,0,0,0,1,0,0,0,0,0,0,0,6,3,0,1,1,0,0
sustainability-15-12489.pdf,0,1,0,0,0,0,1,0,0,1,1,1,1,0,0,0,1,0,1,0,1,0,0,0,1,1,0,0,0,0,0,0,6,5,0,1,1,0,1
sustainability-16-08278-v2.pdf,0,0,0,1,0,0,1,0,0,1,1,1,1,0,0,0,0,0,0,0,1,0,0,0,0,0,0,0,0,0,0,0,6,1,0,1,1,0,0
sustainability-17-01342.pdf,0,0,0,1,1,0,1,1,0,1,0,1,1,0,0,0,0,0,0,0,1,1,1,0,0,0,0,0,0,0,0,0,7,3,0,1,1,0,0
sustainability-17-02830.pdf,0,0,0,1,1,1,1,1,0,0,1,0,0,0,0,0,0,0,0,0,1,1,0,0,0,0,0,0,0,0,0,0,6,2,0,1,1,0,0
sustainability-18-04039.pdf,0,0,0,1,1,0,1,1,0,0,1,1,0,0,0,0,0,0,0,0,0,0,1,0,0,0,0,0,0,0,0,0,6,1,0,1,1,0,0
systems-10-00134.pdf,0,0,0,0,0,0,0,1,0,1,0,1,0,0,1,0,1,0,0,0,1,1,0,0,0,0,0,0,0,0,0,0,3,4,0,1,1,0,1
telework_2024_AAM.pdf,1,0,0,1,0,0,0,1,0,0,1,0,0,0,0,0,0,0,0,0,0,0,0,0,0,0,0,0,0,0,0,0,3,0,0,1,0,0,0
the-effects-of-being-under-watch-the-impact-of-electronic-monitoring-on-remote-workers-psychological-safety.pdf,0,1,0,1,0,0,1,1,0,1,1,1,0,0,0,0,0,0,0,0,1,0,0,0,1,1,0,0,1,0,0,0,7,3,1,1,1,1,0
weisman-et-al-2022-antecedents-of-organizational-identification-a-review-and-agenda-for-future-research.pdf,4,0,0,0,0,0,0,0,0,0,0,0,1,0,0,0,0,0,0,0,0,1,0,0,0,0,0,0,0,0,0,0,1,1,0,1,1,0,0
zmad007.pdf,0,0,0,1,0,0,1,0,0,1,1,0,0,0,0,0,0,0,0,0,1,0,0,0,0,0,0,0,1,0,0,0,4,1,1,1,1,1,0
zmad020.pdf,2,0,0,0,0,0,0,0,0,0,0,0,0,0,0,0,0,0,0,0,0,0,0,0,1,0,0,0,0,0,0,0,0,1,0,0,1,0,0
"Актуальні+питання+економічних+наук_Ortynska,+A.pdf",3,0,1,1,0,0,1,0,0,0,1,1,0,0,0,0,0,0,0,0,1,0,0,0,0,0,0,0,1,1,0,1,5,1,3,1,1,1,0
“I_have_to_be_always_on”_–_man.pdf,0,0,0,1,1,0,1,1,0,0,0,1,0,0,0,0,0,0,0,0,0,0,0,1,0,0,0,0,0,0,0,0,5,1,0,1,1,0,0
“Technology_is_killing_me!”_t.pdf,0,0,0,1,0,1,1,1,0,1,1,1,0,0,1,0,0,0,0,0,1,0,0,0,0,0,0,0,0,0,0,0,7,2,0,1,1,0,1
