row,filename,community,degree,betweenness,closeness,eigenvector
0, Who Knows Me Understands My Needs   The Effect of Home-Based Telework on Work Engagement.pdf,1,0.0699,0.004,0.4182,0.0574
1,%5B2024%5D10.4473_TPM31.4.3.pdf,1,0.0389,0.0113,0.4033,0.0269
2,00385-AAAI23.SarkarP.pdf,3,0.0389,0.0258,0.4072,0.0179
3,0597.pdf,3,0.0492,0.0009,0.3988,0.0445
4,0648.pdf,4,0.057,0.0013,0.3829,0.0224
5,0718-2724-jotmi-20-01-27.pdf,1,0.0415,0.004,0.3979,0.0323
6,09.pdf,3,0.0596,0.0043,0.4401,0.0525
7,1-s2.0-S0001691825001957-main.pdf,3,0.0596,0.0007,0.4111,0.0546
8,1-s2.0-S0001691825013344-main.pdf,1,0.1295,0.0215,0.4406,0.0994
9,1-s2.0-S0001691825014994-main.pdf,1,0.0933,0.0062,0.4223,0.079
10,1-s2.0-S0001691826002891-main.pdf,4,0.057,0.0028,0.3748,0.0214
11,1-s2.0-S0001879125000156-main.pdf,3,0.0415,0.0087,0.4111,0.0244
12,1-s2.0-S0040162523007503-main.pdf,1,0.0492,0.0021,0.4106,0.0537
13,1-s2.0-S0090261624000457-main.pdf,4,0.0492,0.0011,0.3484,0.0162
14,1-s2.0-S014362282300019X-main.pdf,2,0.0518,0.0027,0.4021,0.0438
15,1-s2.0-S0148296322004805-main.pdf,3,0.044,0.0025,0.3903,0.0281
16,1-s2.0-S0148296322005422-main.pdf,3,0.0518,0.0034,0.4232,0.0405
17,1-s2.0-S0160791X24003105-main.pdf,3,0.0622,0.0029,0.4102,0.0514
18,1-s2.0-S0191886922004603-main.pdf,1,0.0389,0.005,0.3907,0.0278
19,1-s2.0-S0263786324000656-main.pdf,4,0.0389,0.0101,0.4017,0.0207
20,1-s2.0-S0360132323009368-main.pdf,2,0.0389,0.008,0.4008,0.0354
21,1-s2.0-S0965856424001186-main.pdf,1,0.0389,0.0108,0.3992,0.0282
22,1-s2.0-S1029313222000343-main.pdf,4,0.0518,0.0029,0.405,0.0226
23,1-s2.0-S1877050924015229-main.pdf,3,0.1036,0.0111,0.4584,0.1001
24,1-s2.0-S2214367X26000220-main.pdf,2,0.0389,0.0081,0.4089,0.0308
25,1-s2.0-S2451958823000842-main.pdf,3,0.057,0.0066,0.4327,0.05
26,10-1108_IJM-12-2022-0628.pdf,0,0.0466,0.0004,0.3618,0.0276
27,10-1108_MRR-11-2022-0806.pdf,0,0.0518,0.0022,0.4038,0.0323
28,10.1177_00221465221150283.pdf,2,0.0492,0.0013,0.3967,0.0546
29,10.1515_soeu-2024-0030.pdf,0,0.0389,0.0002,0.3422,0.0211
30,10.2478_subboec-2022-0012.pdf,1,0.0415,0.0008,0.4012,0.0432
31,10.30798-makuiibf.1443319-3755769.pdf,3,0.0415,0.0059,0.4396,0.0413
32,10869_2022_Article_9842.pdf,1,0.0389,0.0018,0.4033,0.0504
33,1094210ar.pdf,2,0.0596,0.0015,0.4133,0.0483
34,1101313ar.pdf,1,0.0544,0.0027,0.4332,0.0522
35,1112222ar.pdf,5,0.044,0.001,0.3506,0.0113
36,1154182.pdf,3,0.0466,0.0004,0.3899,0.0461
37,126836-how-remote-work-changes-communication-in-organizations.pdf,4,0.0389,0.0024,0.3762,0.0248
38,136-145.pdf,2,0.0544,0.0014,0.3963,0.0444
39,14-Article Text-25-1-10-20241030.pdf,2,0.1036,0.0045,0.4386,0.1115
40,15.pdf,4,0.0389,0.0024,0.3509,0.0143
41,1549-6151-2-PB.pdf,2,0.0648,0.0002,0.3947,0.067
42,170-178.pdf,4,0.0855,0.0018,0.3915,0.0411
43,2011-2084-ijpr-18-02-13.pdf,1,0.0699,0.0035,0.4196,0.0583
44,2022-54402-001.pdf,3,0.044,0.0047,0.4098,0.0292
45,2022_Canadian%20Psychology_Manuscript.pdf,1,0.1554,0.0135,0.4651,0.148
46,2024-work-in-america-report.pdf,1,0.057,0.0066,0.426,0.0454
47,2024_Jeffries_Amy_BSc_IM.pdf,2,0.0751,0.0031,0.4106,0.0674
48,"22.+2023.+3(2).+Juli.+Irfan,+Didit,+da+Costa+(161-168).pdf",1,0.0492,0.0017,0.4089,0.0492
49,2238-7863-1-PB.pdf,4,0.0596,0.0012,0.4063,0.04
50,23+-+25380.pdf,4,0.0777,0.0012,0.3872,0.0288
51,2505.15743v1.pdf,2,0.0699,0.0035,0.3983,0.0558
52,2599990.2600011.pdf,1,0.0466,0.001,0.4059,0.045
53,29-The impact of telework on organisational performance_ behaviour_ and culture_ evidence from bu.pdf,1,0.0518,0.0018,0.4124,0.0496
54,3.+Upload+Rhienta.pdf,3,0.0984,0.0064,0.4457,0.0786
55,30.pdf,3,0.0518,0.0018,0.4164,0.0492
56,307.Psychological-Safety-and-Inclusion-in-Virtual-Teams_-Lessons-from-Multinational-Organizations.pdf,4,0.0725,0.0054,0.3704,0.0226
57,31e2705b-ee0c-4339-9fd5-35b18da1bc19.pdf,1,0.0907,0.0063,0.4422,0.0841
58,3524-11217-1-PB.pdf,3,0.044,0.0017,0.4146,0.0336
59,35298-Full article-69125-1-10-20241128.pdf,5,0.0648,0.0053,0.3795,0.0188
60,3599609.3599621.pdf,0,0.1088,0.0088,0.3856,0.0474
61,3710902.pdf,5,0.0544,0.005,0.3628,0.0146
62,3757685.pdf,4,0.0415,0.0079,0.3979,0.0166
63,3772318.3791525.pdf,5,0.057,0.0006,0.3659,0.0181
64,417-424-4-Hybrid+Work+Leadership+Balancing+Productivity+and+Employee+Well-being.pdf,4,0.0674,0.002,0.3919,0.0351
65,4494.pdf,2,0.1114,0.0125,0.4411,0.0815
66,5401-Article Text-14326-1-10-20250923.pdf,3,0.0518,0.002,0.426,0.0471
67,6-ISROSET-IJSRCSE-094561.pdf,5,0.0389,0.0004,0.3704,0.0193
68,64K_Hybrid+Work+Fatigue+on+Psychological+and+Organizational+Factors+Influencing+Employee+Well-Being+Evidence+by+Segari.pdf,3,0.0544,0.0014,0.4046,0.0483
69,6667f993bbb09.pdf,2,0.1088,0.0069,0.4568,0.0953
70,694-Rebecca-Work-Life-Balance-Draft2.pdf,1,0.0751,0.0017,0.4033,0.0833
71,7.pdf,5,0.0415,0.0027,0.3708,0.0241
72,708.pdf,3,0.0466,0.0003,0.4072,0.049
73,709-Article+Text-3048-1-11-20250128+(1).pdf,5,0.0492,0.0024,0.3618,0.0143
74,78.+Exploring+Emotional+Intelligence%2C+Remote+Work+Dynamics%2C+Team+Collaboration%2C+and+Adaptive+Leadership+for+Enhanced+Success+in+the+Digital+Workplace.pdf,4,0.0829,0.0041,0.3829,0.0367
75,891-908+Mustajab.pdf,2,0.0984,0.003,0.4191,0.0773
76,8aff1a74-en.pdf,1,0.044,0.0027,0.381,0.0373
77,8da9a341-5af7-43fc-9e18-04fdffb64ea0.pdf,1,0.171,0.0104,0.4736,0.18
78,95-106+OIKONOMIA+310.pdf,3,0.044,0.0022,0.4033,0.042
79,978-3-031-94544-1_3.pdf,4,0.044,0.0061,0.3751,0.0159
80,AJESD_1LVNGBSU.pdf,2,0.0777,0.0079,0.427,0.0554
81,A_Qualitative_Study_of_Pandemi.pdf,1,0.0751,0.0036,0.4242,0.0664
82,A_millennial_manager_skills_mo.pdf,0,0.0544,0.0025,0.3903,0.0243
83,Adascalitei-Riso_Employee-monitoring-on-remote-work_Sinappsi_n2_20242.pdf,5,0.0648,0.0032,0.3872,0.0248
84,After-Hours_Availability_Expec.pdf,1,0.0389,0.0034,0.3766,0.0337
85,Applied Psychology - 2023 - Hodzic - When telework is a burden rather than a perk  The roles of knowledge sharing and.pdf,0,0.0544,0.0023,0.4151,0.0369
86,Applied Psychology - 2023 - Schulze - The relationship between telework and job characteristics  A latent change score.pdf,1,0.0466,0.001,0.3947,0.0415
87,Article-5.pdf,4,0.057,0.0039,0.4133,0.0417
88,Artikel+Galleys+Oshada-2229.pdf,3,0.0725,0.0035,0.4182,0.0553
89,Ball.pdf,5,0.0544,0.0025,0.3955,0.0291
90,Beurden_van_0960664_ABP_Appel_-_Meulenbroek_MSc_thesis.pdf,2,0.0855,0.0036,0.4327,0.09
91,Blind_MS_IJHRM_9_TH_Jan_25_R3_1_.pdf,2,0.057,0.0017,0.4187,0.0615
92,Canadian Review of Sociology - 2023 - Thompson - Workplace Surveillance in Canada  A survey on the adoption and use of.pdf,5,0.0518,0.0045,0.4021,0.0244
93,"Cavalcante, Bianchi, Schonfeld, Martins, Cameira, Queiros, 2025, telework, hybrid work.pdf",1,0.0415,0.0007,0.3992,0.04
94,Chapter_07A.pdf,4,0.0415,0.0059,0.3607,0.017
95,"Chernoglazova, Lena_MSc Dissertation.pdf",2,0.0725,0.0022,0.4159,0.0709
96,Connecting work teams in a remote workplace  an identity leadership perspective.pdf,2,0.044,0.0005,0.3841,0.0422
97,Cousineauetal.pdf,5,0.0622,0.001,0.3822,0.0236
98,Craftingtelework_Aprocessmodel_PR.pdf,0,0.0855,0.0014,0.3943,0.0463
99,Cultivating_Belonging_During_O.pdf,2,0.0415,0.0031,0.3837,0.0405
100,Daily_Routine_and_Performance_Analysis_-_Parallel_Between_Telework_and_Work_from_the_Office.pdf,1,0.044,0.002,0.4142,0.0454
101,DelanoeijeVerbruggen2024_JOHP_Biophilia_in_the_homeworkplace_ACCEPTEDversion.pdf,1,0.0466,0.0012,0.3967,0.0586
102,Di+Dalmazi+et+al.%282022%29.pdf,1,0.1295,0.0069,0.4645,0.1176
103,Dialnet-Telework-10668357.pdf,1,0.0596,0.0015,0.4076,0.0553
104,Dialnet-TheImportanceOfTrustInCultivatingEmployeeLoyaltyAn-8994341.pdf,3,0.0389,0.0102,0.4008,0.018
105,DigitalFatigueandEmployeeEngagementinHybridWorkAMultilevelPerspective.pdf,3,0.0648,0.0037,0.4042,0.0414
106,Disentangling_the_implications.pdf,0,0.1321,0.0027,0.3899,0.064
107,Does work-life boundary management improve work-life balance for.pdf,2,0.0622,0.0008,0.4063,0.0638
108,EBSCO-FullText-06_01_2026-2.pdf,0,0.0466,0.0063,0.4246,0.0354
109,EBSCO-FullText-06_01_2026.pdf,4,0.0518,0.0018,0.3911,0.0285
110,EBSCO-FullText-06_02_2026-2.pdf,2,0.057,0.0033,0.4265,0.0498
111,EBSCO-FullText-06_02_2026-3.pdf,0,0.0389,0.0027,0.3868,0.0252
112,EBSCO-FullText-06_02_2026.pdf,2,0.0466,0.0003,0.381,0.0544
113,EBSCO-FullText-06_10_2026.pdf,2,0.1062,0.0038,0.4357,0.0972
114,ECIS2016_HafermalzRiemer_Belonging_Remote_Work.pdf,2,0.0492,0.0022,0.3876,0.0359
115,ESP-3420%20Proofread%20%281%29.pdf,3,0.0622,0.0026,0.4205,0.0442
116,Employee+Perspectives+on+Remote+Work+Culture+and+Leadership+in+Hybrid+Organisations.pdf,4,0.0492,0.0026,0.3744,0.025
117,Employees’_fit_to_telework_and.pdf,0,0.1114,0.0023,0.4008,0.0557
118,Engagement_in_the_teleworking_.pdf,0,0.044,0.0014,0.3631,0.0198
119,Evolving_approaches_to_employe.pdf,0,0.0389,0.0029,0.4308,0.0328
120,Exploring_the_nexus_between_re.pdf,0,0.0389,0.0024,0.3799,0.0218
121,Exploring_the_nexus_of_social_.pdf,0,0.0492,0.0004,0.3515,0.0266
122,Exploring_the_remote_work_chal.pdf,0,0.0466,0.004,0.4106,0.0272
123,FULLTEXT01 copy.pdf,2,0.0415,0.0006,0.3818,0.0393
124,FULLTEXT01-2.pdf,2,0.044,0.0005,0.3751,0.0422
125,FULLTEXT01.pdf,4,0.0777,0.0044,0.4,0.0296
126,Fonner-CommMonogr12.pdf,1,0.0492,0.0079,0.408,0.0392
127,Fostering a culture of belonging within women working in a hybrid.pdf,4,0.0389,0.0049,0.3541,0.0104
128,From_home_to_office_dynamics_.pdf,0,0.1244,0.0082,0.4289,0.0632
129,G22THFL-034862T.pdf,2,0.0518,0.0024,0.4102,0.0609
130,GSCARR-2024-0261.pdf,2,0.0466,0.0013,0.3814,0.0453
131,Gender_differences_in_remote_w.pdf,0,0.0415,0.0022,0.368,0.0266
132,HPSCONF-V21-1-18.pdf,4,0.0674,0.0016,0.3773,0.0311
133,"Healthy,_healthier,_hybrid_wor.pdf",0,0.0829,0.0031,0.4151,0.0456
134,Hewitt+Note+-+Panoptic+Employment+8.8.24.pdf,5,0.0415,0.0005,0.3453,0.0107
135,How_and_When_Technostress_Pred.pdf,1,0.0389,0.0014,0.3935,0.0323
136,How_far_can_I_trust_you_Under.pdf,0,0.0622,0.0073,0.3975,0.026
137,Human Behavior and Emerging Technologies - 2024 - Laksanadjaja - Uncovering the Web of Secrets Surrounding Employee.pdf,5,0.0492,0.0051,0.368,0.0137
138,Human Behavior and Emerging Technologies - 2025 - Massa - E%E2%80%90Skill Self%E2%80%90Efficacy and Perceived Performance in Remote Work  A.pdf,3,0.0855,0.012,0.4628,0.0573
139,Human_Centric_Digital_Transformation_and_Operator_4.0_for_the_Oil_and_Gas_Industry.pdf,0,0.0389,0.0061,0.3354,0.0101
140,Hybrid workers describe aspects that promote effectiveness  work engagement  work-life balance  and health.pdf,3,0.0984,0.004,0.4416,0.0851
141,Hybrid_working_–_Benefits_and_.pdf,0,0.0622,0.0015,0.3868,0.0326
142,"IJEMR+vol.+4,+no.+3,+Page+426-437.pdf",1,0.0907,0.004,0.4265,0.0814
143,IJETCSIT-V6I3P108.pdf,4,0.0518,0.0064,0.3826,0.0197
144,IJSRA-2025-2470.pdf,2,0.1399,0.0142,0.4573,0.1019
145,ILR-161-289.pdf,2,0.0415,0.0036,0.4046,0.0313
146,Ibrahim.pdf,0,0.0415,0.0023,0.3841,0.02
147,Impact_of_employee_well-being_.pdf,0,0.0415,0.001,0.3903,0.0276
148,"Impact_of_stress,_job_satisfac.pdf",0,0.0415,0.0003,0.3577,0.0258
149,Impact_of_work_from_home_on_work_life_ba.pdf,3,0.044,0.0044,0.4072,0.0278
150,Inclusion_and_Psychological_Sa.pdf,4,0.0648,0.0052,0.4303,0.0533
151,Information Systems Journal - 2023 - Meier - Cooking a telework theory with causal recipes  Explaining telework success.pdf,0,0.0829,0.0069,0.426,0.0525
152,Int J Management Reviews - 2025 - Ferdous - An integrated framework of remote work from organizational adoption to employee.pdf,3,0.0596,0.0063,0.4337,0.0327
153,J Management Studies - 2025 - Tr%C3%B6ster - How Hybrid Work Shapes Communication Ties  The Role of Concern about Relationship.pdf,4,0.0415,0.002,0.3841,0.0286
154,J Occupat   Organ Psyc - 2024 - Scheibe - Age%E2%80%90related differences in the use of boundary management tactics when.pdf,1,0.1218,0.0066,0.4515,0.118
155,JABS-2024JanMappingtheexperiencesofwork-life.Scopus.pdf,0,0.044,0.0013,0.3538,0.0215
156,JFerreras_Dissertation_Fall2024.pdf,3,0.0389,0.0069,0.3879,0.0266
157,Journal of Advanced Nursing - 2021 - Terkamo%E2%80%90Moisio - Towards remote leadership in health care  Lessons learned from an.pdf,4,0.0466,0.0029,0.3983,0.0302
158,Keser-Ertemsir-Basol.pdf,1,0.0466,0.0024,0.3983,0.0463
159,Leadership in virtual work settings  what we know  what we do not know  and what we need to do.pdf,4,0.0907,0.0044,0.3959,0.0351
160,Lechner%20%2B%20Tobias%202021OD_How%20to%20create%20psychological%20safety%20in%20virtual%20teams_Accepted%20Manuscript%20%281%29.pdf,4,0.044,0.0065,0.3581,0.0124
161,Manager_Control_and_Employee_Isolation_I.pdf,1,0.0492,0.0024,0.4046,0.0331
162,Managing_Performance_and_Building_Digital_Trust_in.pdf,2,0.0492,0.0024,0.3915,0.039
163,Manuscript.pdf,2,0.0466,0.0035,0.4076,0.0404
164,Manuscript_IRJMS_01841_WS.pdf,2,0.0492,0.0012,0.4191,0.0563
165,Master_Thesis_Final_-_Layal_Alkhatib_and_Arsaf.pdf,4,0.0466,0.0055,0.3694,0.0144
166,Master_Thesis_PabloVelazco_RaffaelBless_1.pdf,4,0.0492,0.0009,0.3726,0.0182
167,MelusoJohnsonBagrow2021FlexibleEnvironmentsforHybridCollaboration.pdf,2,0.0415,0.0045,0.3923,0.0243
168,Navigating_the_change_explori.pdf,0,0.0389,0.0036,0.3744,0.0181
169,New Technol Work Employ - 2023 - Wieser - Employee acceptance of digital monitoring systems while working from home.pdf,5,0.0674,0.0073,0.4089,0.027
170,New Technol Work Employ - 2024 - Williams - Framing algorithmic management  Constructed antagonism on HR technology.pdf,0,0.0389,0.0057,0.4298,0.031
171,Organizational_identification_among_virt.pdf,4,0.0389,0.0062,0.408,0.0209
172,Osuva_Myllymäki_Smale_Sumelius_2024.pdf,3,0.0389,0.0015,0.4008,0.0406
173,Out of sight out of mind? Remote work and contractual distancing.pdf,2,0.0389,0.0042,0.3795,0.0298
174,PAGANIN+Videoconference+fatigue+AM.pdf,1,0.0415,0.0063,0.3856,0.026
175,Paper+2+(2023.5.6)+Assessing+the+Impact+of+a+Hybrid+Work+Model+on+Job+Execution+....pdf,3,0.0907,0.0064,0.4391,0.0665
176,PersonnelPsychology-2022-Ravid-AmetaE28090analysisoftheeffectsofelectronicperformancemonitoringonworkoutcomes.pdf,5,0.0389,0.0032,0.381,0.0164
177,Piirsalu_Kivihall_Makiniemi_2025.pdf,1,0.0596,0.0018,0.4164,0.065
178,Productive and connected while working from home  what client-facing remote workers can learn from telenurses about  belonging through technology .pdf,2,0.0415,0.001,0.3781,0.0316
179,Promoting_health_and_productiv.pdf,1,0.0389,0.0062,0.3919,0.0349
180,PsychologicalCapitalandBurnout_GKMC.pdf,0,0.0466,0.002,0.3895,0.0305
181,Psychosocial_safety_climate_Measurement.pdf,1,0.0415,0.001,0.3927,0.0334
182,Public_management_strategies_f.pdf,0,0.0518,0.0045,0.4237,0.0387
183,REPUB_84468_OA.pdf,3,0.0544,0.0042,0.4155,0.0458
184,Reducing_employee_burnout_in_t.pdf,4,0.0415,0.0016,0.3496,0.0162
185,Remote Workers Ever-Present Risk.pdf,5,0.0415,0.0038,0.3437,0.0154
186,Remote work and work-life balance  Lessons learned from the covid-19 pandemic and suggestions for HRD practitioners.pdf,2,0.0596,0.0003,0.4102,0.0642
187,RemoteWorkingBurnout_EmpiricalStudyfromTOEandTechnostress.pdf,2,0.0855,0.0065,0.4494,0.0764
188,Remote_Work_Impact_on_Workplac.pdf,4,0.0596,0.0013,0.3722,0.0276
189,Remote_Worker's_Psychological_.pdf,4,0.0466,0.0,0.3407,0.0183
190,Remotework.pdf,2,0.158,0.0157,0.4748,0.1331
191,Remotework2025.pdf,3,0.0518,0.0036,0.4386,0.0379
192,Remoteworkandhumanresourcemanagement.pdf,2,0.0984,0.0106,0.4265,0.0722
193,Restoring Reasonable Expectations to Privacy at Work in the Face.pdf,5,0.0389,0.0023,0.3561,0.0122
194,Revolutionizing work-life balance  Unleashing the power of telecommuting on work engagement and exhaustion levels.pdf,1,0.0984,0.0027,0.4284,0.1014
195,Reworking boundaries in the home-as-office  boundary traffic during COVID-19 lockdown and the future of working from home.pdf,2,0.057,0.0017,0.4115,0.0542
196,Roberts_L_2023_EdD.pdf,4,0.0622,0.0024,0.3807,0.0275
197,Ruigrok & Schäfer_Together but still alone.pdf,4,0.0518,0.0005,0.3564,0.0176
198,SJWEH-51-53.pdf,1,0.0389,0.0018,0.4038,0.0546
199,Sai+Praveen+Kudapa_Procedia_2025_801–832.pdf,2,0.0415,0.0115,0.4093,0.034
200,Sbalzer-KM-111.pdf,5,0.0415,0.0051,0.381,0.0172
201,Social   Personality Psych - 2023 - Stavrova - Does remote work erode trust in organizations  A within%E2%80%90person investigation.pdf,2,0.0803,0.006,0.4401,0.0768
202,Sociology Compass - 2022 - Karjalainen - Gender and the blurring boundaries of work in the era of telework A longitudinal.pdf,1,0.044,0.0005,0.3959,0.0514
203,TEMJournalFebruary2025_823_835.pdf,4,0.0466,0.002,0.3683,0.0243
204,TPM-V32-S3-2025-90.pdf,3,0.0881,0.0034,0.4337,0.0665
205,Technostress_and_Telecommuting_in_the_Co.pdf,1,0.0389,0.0164,0.3864,0.0175
206,Technostress_and_perceived_disadvan.pdf,3,0.0596,0.0007,0.4008,0.0561
207,Technostress_and_work_exhaustion_unravel.pdf,2,0.1088,0.0037,0.4504,0.1064
208,Telecommuting_Professional_Isolation_and.pdf,1,0.0389,0.0111,0.3955,0.0235
209,Telecommuting_and_Leadership_Style_Publi.pdf,1,0.0492,0.0019,0.4046,0.0375
210,Telework and Organizational Citizenship Behaviors_ The Underexplo.pdf,1,0.0544,0.0024,0.4076,0.0451
211,Telework_Perception_and_Implications_dur.pdf,1,0.0415,0.002,0.3967,0.0403
212,Teleworking_role_of_psycholog.pdf,0,0.0803,0.0038,0.4164,0.0438
213,Tesi_dottorato_Massa.pdf,1,0.101,0.0041,0.4342,0.0859
214,The Impact of Work Setting Autonomy and Belonging on Employees?.pdf,3,0.0389,0.0148,0.3915,0.0176
215,The effectiveness of well-being-oriented human resource management in the context of telework.pdf,1,0.0389,0.0004,0.4093,0.0567
216,The impact of remote work and mediated communication frequency on isolation and psychological distress.pdf,2,0.0466,0.0005,0.3895,0.0395
217,TheEvolutionofRemoteWorkAnalyzingStrategiesforEffectiveVirtualTeamManagementandCollaboration.pdf,2,0.0674,0.0027,0.4072,0.0494
218,TheSilentStruggle_UncoveringDigitalStressinHybridWork.pdf,3,0.044,0.0014,0.4008,0.0431
219,The_Corporate_Brand_Identity_in_a_Hybrid_Workp.pdf,3,0.0389,0.0043,0.4033,0.0267
220,The_Psychology_of_Hybrid_Work_Understand.pdf,3,0.1528,0.0153,0.4662,0.0998
221,The_moderating_role_of_remote_.pdf,0,0.0466,0.001,0.3719,0.0224
222,The_telework_performance_dilem.pdf,0,0.0855,0.0047,0.4059,0.0452
223,Theeffectsoftechnostressorsonworkandnon-workoutcomesinhybridwork.pdf,3,0.0596,0.0009,0.4098,0.0597
224,Theorizing the Effect of Organizational Identification on Vacatio.pdf,2,0.0518,0.0009,0.3996,0.0575
225,Togetherness and (work)Place: Insights from Workers and Managers during Australian COVID-Induced Lockdowns.pdf,2,0.1036,0.0038,0.4371,0.0874
226,Towards_a_sustainable_workplac.pdf,0,0.0855,0.0044,0.3856,0.041
227,Turnitin%20The%20impact%20of%20digital%20fatigue%20on%20employee%20productivity%20and%20well-being.pdf,3,0.0596,0.001,0.4182,0.0432
228,Understanding_teleworkers’_tec.pdf,0,0.0466,0.0027,0.3895,0.0319
229,Understanding_the_Moderating_E.pdf,4,0.044,0.002,0.3614,0.0196
230,Voluntary_part-time_and_mandat.pdf,0,0.0389,0.0022,0.3481,0.0191
231,Wellbeing_Remote.pdf,3,0.0544,0.0099,0.4228,0.0315
232,What_is_healthy_hybrid_work_E.pdf,0,0.0518,0.0008,0.3826,0.0307
233,Wilson 2023 Authoritarian Leadership Style and Psychological Safety.pdf,4,0.0751,0.0006,0.3788,0.0303
234,Work engagement and its antecedents in remote work  A person-centered view.pdf,2,0.1606,0.0354,0.5052,0.1127
235,Work from home can be distracting  Exploring the moderation role of transformational leadership on teleworking and cyber-slacking.pdf,1,0.057,0.0014,0.4089,0.0577
236,Work life balance in the digital era  configuring demands and resources at work.pdf,3,0.044,0.0003,0.3911,0.0458
237,a965102-030(2023).pdf,5,0.0389,0.0096,0.3864,0.0182
238,"admin,+PUBLISH_PAULUS.pdf",4,0.0596,0.001,0.3535,0.0178
239,admsci-13-00055.pdf,0,0.057,0.0043,0.4196,0.0428
240,admsci-13-00150.pdf,0,0.057,0.0012,0.3868,0.0301
241,admsci-13-00218.pdf,0,0.101,0.0057,0.4,0.0435
242,admsci-15-00398.pdf,3,0.0389,0.0086,0.4187,0.0358
243,"agung,+1.+Anthony+Leonard+Limanta+001-016.pdf",1,0.0389,0.0013,0.3971,0.0544
244,ajems-07-2022-0306.pdf,0,0.0725,0.0015,0.3792,0.0378
245,alasoini-2025-reproducing-clan-mechanisms-of-control-in-hybrid-work.pdf,2,0.0466,0.0029,0.412,0.0388
246,annurev-orgpsych-110622-060758.pdf,0,0.0466,0.0057,0.3872,0.0197
247,article_109597.pdf,1,0.1347,0.0066,0.4547,0.1363
248,article_91370.pdf,1,0.0984,0.0043,0.4228,0.0824
249,bartelwrzesniewskiwiesenfeld.pdf,4,0.044,0.0026,0.408,0.028
250,behavsci-13-00835.pdf,0,0.0492,0.0025,0.4025,0.0292
251,behavsci-13-00916.pdf,0,0.0518,0.0021,0.3638,0.0239
252,behavsci-14-00674-v4.pdf,0,0.0415,0.0042,0.4102,0.0307
253,behavsci-15-00095.pdf,0,0.0389,0.0041,0.3822,0.0192
254,boulet-parent-lamarche-2022-paradoxical-effects-of-teleworking-on-workers-well-being-in-the-covid-19-context-a.pdf,1,0.0881,0.0059,0.4422,0.0888
255,cdc_207491_DS1.pdf,1,0.0725,0.0012,0.3996,0.0813
256,cdc_223707_DS1.pdf,1,0.0725,0.0044,0.4232,0.0609
257,challenges-13-00014.pdf,0,0.0622,0.0038,0.3879,0.0271
258,chychun_effective management.pdf,2,0.0492,0.001,0.4033,0.0443
259,content.pdf,3,0.0492,0.0023,0.4205,0.0531
260,covid-02-00101-v2.pdf,0,0.044,0.0007,0.3635,0.021
261,cyber.2021.0257.pdf,3,0.0415,0.0034,0.3959,0.028
262,dalessandro-lovell-2024-the-pandemic-stratified-workplace-workspace-employee-sense-of-belonging-and-inequalities-at-work.pdf,2,0.0466,0.0001,0.3967,0.0485
263,doberstein-charbonneau-2022-alienation-in-pandemic-induced-telework-in-the-public-sector.pdf,1,0.0959,0.0033,0.4452,0.0906
264,"drdujak,+18+-+Komanovics.pdf",5,0.044,0.0,0.3431,0.0113
265,e2025380.pdf,3,0.0596,0.0013,0.3935,0.0454
266,er-04-2024-0199en.pdf,2,0.0959,0.0033,0.4525,0.101
267,fb24aaec11f23ae04cda9daba6bcbf8b4329.pdf,1,0.0389,0.0013,0.3971,0.0414
268,feduc-9-1512536.pdf,2,0.057,0.0052,0.3975,0.0535
269,forgp-02-1360373.pdf,1,0.0492,0.0024,0.3979,0.0417
270,forgp-02-1430812.pdf,0,0.0389,0.0017,0.4164,0.0278
271,forgp-02-1448894.pdf,3,0.0492,0.0032,0.4303,0.0381
272,forgp-2-1499248.pdf,1,0.0544,0.0047,0.4289,0.0446
273,fpsyg-13-1016368.pdf,1,0.044,0.0029,0.4046,0.0415
274,fpsyg-13-833776.pdf,4,0.044,0.0014,0.3967,0.029
275,fpsyg-13-863197.pdf,1,0.0751,0.0047,0.4442,0.0689
276,fpsyg-13-898405.pdf,1,0.0518,0.0002,0.3883,0.0634
277,fpsyg-13-987976.pdf,2,0.0466,0.0031,0.3992,0.0338
278,fpsyg-13-988105.pdf,4,0.0751,0.0024,0.4142,0.0426
279,fpsyg-14-1065593.pdf,1,0.0415,0.0015,0.3919,0.032
280,fpsyg-14-1098336.pdf,0,0.0492,0.0041,0.3883,0.0292
281,fpsyg-14-1099138.pdf,1,0.1036,0.0041,0.4367,0.1071
282,fpsyg-14-1110108.pdf,1,0.0881,0.0036,0.4187,0.0768
283,fpsyg-14-1150707.pdf,1,0.0389,0.0006,0.4046,0.0545
284,fpsyg-14-1155118.pdf,1,0.0518,0.0011,0.4059,0.0528
285,fpsyg-14-1173425.pdf,1,0.0415,0.0115,0.4017,0.0277
286,fpsyg-14-1193854.pdf,2,0.0622,0.0041,0.4352,0.0496
287,fpsyg-15-1383207.pdf,1,0.0466,0.0018,0.4232,0.0421
288,fpsyg-16-1524804.pdf,3,0.0725,0.0079,0.4251,0.0454
289,fpubh-10-796321.pdf,0,0.057,0.0045,0.4137,0.033
290,g%C3%BCnther-et-al-2022-the-joint-role-of-hrm-and-leadership-for-teleworker-well-being-an-analysis-during-the-covid-19.pdf,1,0.1399,0.0078,0.4634,0.1306
291,glavin-et-al-2024-private-eyes-they-see-your-every-move-workplace-surveillance-and-worker-well-being.pdf,5,0.0648,0.0103,0.4177,0.036
292,"google,+qems_v5_i6_1227-1240_3333.pdf",3,0.0959,0.0073,0.4352,0.0671
293,gualano-et-al-2022-telework-related-stress-%28terra%29-psychological-and-physical-strain-of-working-from-home-during-the.pdf,1,0.044,0.0015,0.3939,0.0479
294,guti%C3%A9rrez-crocco-et-al-2023-the-impact-of-remote-work-on-managerial-compliance-changes-in-the-control-regime-over-line.pdf,2,0.0518,0.0019,0.4164,0.0466
295,haun-et-al-2022-boundary-management-and-recovery-when-working-from-home-the-moderating-roles-of-segmentation-preference.pdf,1,0.0492,0.0005,0.3996,0.0566
296,healthcare-11-00446-v2.pdf,0,0.0466,0.0019,0.3635,0.0254
297,healthcare-13-01943-v2.pdf,0,0.1891,0.0372,0.473,0.0863
298,ijerph-18-05458.pdf,0,0.0415,0.0089,0.3807,0.021
299,ijerph-18-10302-v2.pdf,0,0.0466,0.0003,0.3594,0.0216
300,ijerph-19-01267.pdf,0,0.0751,0.0021,0.4,0.0421
301,ijerph-19-02602-v2.pdf,0,0.0466,0.002,0.3584,0.0181
302,ijerph-19-03837-v3.pdf,0,0.044,0.003,0.3795,0.0217
303,ijerph-19-03879-v2.pdf,0,0.0881,0.0043,0.3883,0.0325
304,ijerph-19-04955-v2.pdf,0,0.0466,0.0035,0.4059,0.027
305,ijerph-19-12016-v3.pdf,0,0.0596,0.0039,0.381,0.0254
306,ijerph-20-01811-v2.pdf,0,0.0518,0.0003,0.3611,0.0251
307,ijerph-20-04182.pdf,0,0.0389,0.0083,0.3525,0.0119
308,ijerph-20-04781.pdf,0,0.0466,0.001,0.3528,0.0215
309,ijm-05-2022-0223.pdf,0,0.0415,0.0002,0.3795,0.0282
310,ijwhm-02-2021-0042.pdf,0,0.0622,0.0011,0.3955,0.03
311,intr-01-2025-0041en.pdf,3,0.0648,0.0024,0.4298,0.0622
312,iwad014.pdf,5,0.0389,0.008,0.3618,0.0136
313,jcom-02-2023-0023.pdf,0,0.1088,0.0068,0.4275,0.0556
314,jeet-08-2024-0023.pdf,0,0.0518,0.0043,0.4205,0.0308
315,joem-64-e811.pdf,0,0.0389,0.0015,0.3726,0.0231
316,journal.pone.0323385.pdf,1,0.0415,0.0023,0.408,0.0383
317,kim-et-al-2025-navigating-leadership-in-hybrid-or-remote-workplaces-a-systematic-review-of-employee-engagement.pdf,4,0.0907,0.0059,0.4284,0.0483
318,"leonardobattista,+6+Molè+2+2022+Theme.pdf",5,0.0415,0.0019,0.3404,0.0097
319,lodj-09-2023-0490.pdf,0,0.0389,0.0011,0.3947,0.0223
320,main copy.pdf,1,0.044,0.0051,0.4055,0.043
321,main-2 copy.pdf,2,0.0415,0.0031,0.3759,0.0346
322,main-3.pdf,2,0.0492,0.0007,0.42,0.0579
323,mastersthesis_paloly_santhoshkumar_haritha.pdf,3,0.0389,0.0166,0.4102,0.0233
324,merits-03-00010-v2.pdf,0,0.0466,0.0059,0.4017,0.024
325,metselaar-et-al-2022-teleworking-at-different-locations-outside-the-office-consequences-for-perceived-performance-and.pdf,1,0.0855,0.0017,0.4177,0.0905
326,mohase-et-al-2025-inclusive-leadership-psychological-safety-and-employee-voice-in-remote-and-hybrid-work-employees.pdf,4,0.0415,0.001,0.3814,0.0212
327,mumtaz-2024-working-remotely-feeling-remote-the-role-of-digitally-mediated-communication-in-shaping-the-identity-of.pdf,4,0.0415,0.0064,0.4106,0.0202
328,neu_4f18wr938.pdf,4,0.0622,0.002,0.3856,0.0292
329,neu_ms397g103.pdf,4,0.0596,0.001,0.3561,0.0201
330,nordenmark-vinberg-2023-working-from-home-work-life-conflict-and-mental-wellbeing-in-europe-during-the-covid-19-pandemic.pdf,0,0.0466,0.005,0.4038,0.0395
331,out.pdf,2,0.0881,0.0036,0.4318,0.0793
332,papadonikolaki-morgan-2025-leading-psychologically-safe-digitally-enabled-project-teams.pdf,4,0.0492,0.0047,0.4042,0.0252
333,pink-harper-rauhaus-2023-an-examination-of-telework-policies-balancing-work-life-demands-during-the-new-normal.pdf,2,0.0389,0.0028,0.3899,0.0415
334,proceedings-82-00084.pdf,0,0.0466,0.0006,0.3554,0.0192
335,qin-2024-the-impact-of-organization-employee-dialogic-communication-on-employee-engagement-in-remote-work.pdf,4,0.0389,0.0033,0.3715,0.0216
336,rTdrqN64CyxbCtsx4mNjVWN.pdf,1,0.0518,0.0016,0.3983,0.0516
337,rbmt-21-03-e20221003.pdf,1,0.0466,0.0026,0.3988,0.0409
338,rege-07-2021-0116.pdf,0,0.0907,0.0038,0.3943,0.0486
339,remote_work_jsis.pdf,3,0.0389,0.0038,0.412,0.0356
340,s10111-022-00693-4.pdf,1,0.1036,0.0053,0.4371,0.1
341,s10639-025-13459-y.pdf,1,0.0466,0.0028,0.3935,0.0328
342,s11482-024-10340-x.pdf,1,0.101,0.0017,0.4337,0.1164
343,s12144-022-02873-x.pdf,1,0.0415,0.0005,0.3992,0.0493
344,s12144-022-03492-2.pdf,2,0.0492,0.0014,0.4111,0.0557
345,s12144-023-04250-8.pdf,1,0.0984,0.0043,0.427,0.1001
346,s12599-024-00866-7.pdf,5,0.0415,0.0,0.341,0.0099
347,s12889-024-18178-6.pdf,1,0.044,0.0042,0.3755,0.033
348,s40299-022-00706-w.pdf,1,0.0415,0.0027,0.3872,0.0356
349,s41598-024-63518-6.pdf,4,0.0415,0.0024,0.3879,0.0322
350,s44202-025-00342-7.pdf,2,0.0959,0.0015,0.4457,0.1019
351,shah-et-al-2024-unlocking-the-work-life-equation-critical-analysis-of-telework-factors-for-optimal-balance-in-the-it.pdf,1,0.1166,0.0063,0.4552,0.1112
352,socsci-13-00036.pdf,0,0.0389,0.0052,0.386,0.0257
353,sokolic-2022-remote_work_and_hybrid_work-efri_5505-publishedversion-blfu2z-s.pdf,2,0.057,0.0009,0.4012,0.0627
354,ssrn-4092787.pdf,5,0.0699,0.0073,0.3891,0.0306
355,ssrn-4518524.pdf,2,0.1295,0.0058,0.4612,0.1194
356,ssrn-4810633.pdf,1,0.0415,0.005,0.3883,0.0296
357,ssrn-49323612.pdf,0,0.0492,0.0051,0.4137,0.0272
358,ssrn-5041183.pdf,2,0.1218,0.0063,0.4411,0.103
359,ssrn-5085236.pdf,0,0.0389,0.007,0.3951,0.0223
360,ssrn-5106503.pdf,2,0.044,0.0099,0.4008,0.0235
361,ssrn-5580850.pdf,3,0.0622,0.0029,0.4137,0.0444
362,ssrn-6107886.pdf,3,0.0699,0.0011,0.4089,0.0579
363,sustainability-14-04220-v2.pdf,0,0.044,0.0023,0.3515,0.0175
364,sustainability-14-04220.pdf,2,0.0389,0.0033,0.4033,0.0384
365,sustainability-14-05745.pdf,0,0.044,0.0005,0.3621,0.0238
366,sustainability-14-05778-v2.pdf,0,0.1244,0.0091,0.4076,0.0615
367,sustainability-14-07146.pdf,0,0.0674,0.0058,0.3818,0.0315
368,sustainability-14-11722.pdf,0,0.1347,0.0055,0.405,0.0647
369,sustainability-14-11874-v2.pdf,0,0.0674,0.0013,0.3673,0.0322
370,sustainability-14-16108.pdf,0,0.0466,0.0003,0.3525,0.0259
371,sustainability-15-05952-v2.pdf,0,0.0415,0.0013,0.3561,0.0215
372,sustainability-15-10631-v2.pdf,0,0.0544,0.0002,0.3577,0.0285
373,sustainability-15-12489.pdf,0,0.0544,0.0015,0.3722,0.0219
374,sustainability-16-08278-v2.pdf,0,0.0596,0.0008,0.3683,0.024
375,sustainability-17-01342.pdf,0,0.057,0.0011,0.3841,0.0272
376,sustainability-17-02830.pdf,0,0.057,0.003,0.408,0.0311
377,sustainability-18-04039.pdf,0,0.0544,0.0004,0.3567,0.0277
378,systems-10-00134.pdf,0,0.0855,0.0051,0.3935,0.0401
379,telework_2024_AAM.pdf,1,0.0803,0.0009,0.4223,0.0931
380,the-effects-of-being-under-watch-the-impact-of-electronic-monitoring-on-remote-workers-psychological-safety.pdf,0,0.0466,0.0016,0.3814,0.0209
381,weisman-et-al-2022-antecedents-of-organizational-identification-a-review-and-agenda-for-future-research.pdf,4,0.0466,0.0057,0.3971,0.0225
382,zmad007.pdf,0,0.0466,0.0019,0.3459,0.0152
383,zmad020.pdf,2,0.0389,0.0101,0.4093,0.0227
384,"Актуальні+питання+економічних+наук_Ortynska,+A.pdf",3,0.0466,0.0022,0.3903,0.0395
385,“I_have_to_be_always_on”_–_man.pdf,0,0.0415,0.001,0.3601,0.0211
386,“Technology_is_killing_me!”_t.pdf,0,0.0751,0.0024,0.3833,0.0329
