row,filename,community
0, Who Knows Me Understands My Needs   The Effect of Home-Based Telework on Work Engagement.pdf,1
1,%5B2024%5D10.4473_TPM31.4.3.pdf,1
2,00385-AAAI23.SarkarP.pdf,3
3,0597.pdf,3
4,0648.pdf,4
5,0718-2724-jotmi-20-01-27.pdf,1
6,09.pdf,3
7,1-s2.0-S0001691825001957-main.pdf,3
8,1-s2.0-S0001691825013344-main.pdf,1
9,1-s2.0-S0001691825014994-main.pdf,1
10,1-s2.0-S0001691826002891-main.pdf,4
11,1-s2.0-S0001879125000156-main.pdf,3
12,1-s2.0-S0040162523007503-main.pdf,1
13,1-s2.0-S0090261624000457-main.pdf,4
14,1-s2.0-S014362282300019X-main.pdf,2
15,1-s2.0-S0148296322004805-main.pdf,3
16,1-s2.0-S0148296322005422-main.pdf,3
17,1-s2.0-S0160791X24003105-main.pdf,3
18,1-s2.0-S0191886922004603-main.pdf,1
19,1-s2.0-S0263786324000656-main.pdf,4
20,1-s2.0-S0360132323009368-main.pdf,2
21,1-s2.0-S0965856424001186-main.pdf,1
22,1-s2.0-S1029313222000343-main.pdf,4
23,1-s2.0-S1877050924015229-main.pdf,3
24,1-s2.0-S2214367X26000220-main.pdf,2
25,1-s2.0-S2451958823000842-main.pdf,3
26,10-1108_IJM-12-2022-0628.pdf,0
27,10-1108_MRR-11-2022-0806.pdf,0
28,10.1177_00221465221150283.pdf,2
29,10.1515_soeu-2024-0030.pdf,0
30,10.2478_subboec-2022-0012.pdf,1
31,10.30798-makuiibf.1443319-3755769.pdf,3
32,10869_2022_Article_9842.pdf,1
33,1094210ar.pdf,2
34,1101313ar.pdf,1
35,1112222ar.pdf,5
36,1154182.pdf,3
37,126836-how-remote-work-changes-communication-in-organizations.pdf,4
38,136-145.pdf,2
39,14-Article Text-25-1-10-20241030.pdf,2
40,15.pdf,4
41,1549-6151-2-PB.pdf,2
42,170-178.pdf,4
43,2011-2084-ijpr-18-02-13.pdf,1
44,2022-54402-001.pdf,3
45,2022_Canadian%20Psychology_Manuscript.pdf,1
46,2024-work-in-america-report.pdf,1
47,2024_Jeffries_Amy_BSc_IM.pdf,2
48,"22.+2023.+3(2).+Juli.+Irfan,+Didit,+da+Costa+(161-168).pdf",1
49,2238-7863-1-PB.pdf,4
50,23+-+25380.pdf,4
51,2505.15743v1.pdf,2
52,2599990.2600011.pdf,1
53,29-The impact of telework on organisational performance_ behaviour_ and culture_ evidence from bu.pdf,1
54,3.+Upload+Rhienta.pdf,3
55,30.pdf,3
56,307.Psychological-Safety-and-Inclusion-in-Virtual-Teams_-Lessons-from-Multinational-Organizations.pdf,4
57,31e2705b-ee0c-4339-9fd5-35b18da1bc19.pdf,1
58,3524-11217-1-PB.pdf,3
59,35298-Full article-69125-1-10-20241128.pdf,5
60,3599609.3599621.pdf,0
61,3710902.pdf,5
62,3757685.pdf,4
63,3772318.3791525.pdf,5
64,417-424-4-Hybrid+Work+Leadership+Balancing+Productivity+and+Employee+Well-being.pdf,4
65,4494.pdf,2
66,5401-Article Text-14326-1-10-20250923.pdf,3
67,6-ISROSET-IJSRCSE-094561.pdf,5
68,64K_Hybrid+Work+Fatigue+on+Psychological+and+Organizational+Factors+Influencing+Employee+Well-Being+Evidence+by+Segari.pdf,3
69,6667f993bbb09.pdf,2
70,694-Rebecca-Work-Life-Balance-Draft2.pdf,1
71,7.pdf,5
72,708.pdf,3
73,709-Article+Text-3048-1-11-20250128+(1).pdf,5
74,78.+Exploring+Emotional+Intelligence%2C+Remote+Work+Dynamics%2C+Team+Collaboration%2C+and+Adaptive+Leadership+for+Enhanced+Success+in+the+Digital+Workplace.pdf,4
75,891-908+Mustajab.pdf,2
76,8aff1a74-en.pdf,1
77,8da9a341-5af7-43fc-9e18-04fdffb64ea0.pdf,1
78,95-106+OIKONOMIA+310.pdf,3
79,978-3-031-94544-1_3.pdf,4
80,AJESD_1LVNGBSU.pdf,2
81,A_Qualitative_Study_of_Pandemi.pdf,1
82,A_millennial_manager_skills_mo.pdf,0
83,Adascalitei-Riso_Employee-monitoring-on-remote-work_Sinappsi_n2_20242.pdf,5
84,After-Hours_Availability_Expec.pdf,1
85,Applied Psychology - 2023 - Hodzic - When telework is a burden rather than a perk  The roles of knowledge sharing and.pdf,0
86,Applied Psychology - 2023 - Schulze - The relationship between telework and job characteristics  A latent change score.pdf,1
87,Article-5.pdf,4
88,Artikel+Galleys+Oshada-2229.pdf,3
89,Ball.pdf,5
90,Beurden_van_0960664_ABP_Appel_-_Meulenbroek_MSc_thesis.pdf,2
91,Blind_MS_IJHRM_9_TH_Jan_25_R3_1_.pdf,2
92,Canadian Review of Sociology - 2023 - Thompson - Workplace Surveillance in Canada  A survey on the adoption and use of.pdf,5
93,"Cavalcante, Bianchi, Schonfeld, Martins, Cameira, Queiros, 2025, telework, hybrid work.pdf",1
94,Chapter_07A.pdf,4
95,"Chernoglazova, Lena_MSc Dissertation.pdf",2
96,Connecting work teams in a remote workplace  an identity leadership perspective.pdf,2
97,Cousineauetal.pdf,5
98,Craftingtelework_Aprocessmodel_PR.pdf,0
99,Cultivating_Belonging_During_O.pdf,2
100,Daily_Routine_and_Performance_Analysis_-_Parallel_Between_Telework_and_Work_from_the_Office.pdf,1
101,DelanoeijeVerbruggen2024_JOHP_Biophilia_in_the_homeworkplace_ACCEPTEDversion.pdf,1
102,Di+Dalmazi+et+al.%282022%29.pdf,1
103,Dialnet-Telework-10668357.pdf,1
104,Dialnet-TheImportanceOfTrustInCultivatingEmployeeLoyaltyAn-8994341.pdf,3
105,DigitalFatigueandEmployeeEngagementinHybridWorkAMultilevelPerspective.pdf,3
106,Disentangling_the_implications.pdf,0
107,Does work-life boundary management improve work-life balance for.pdf,2
108,EBSCO-FullText-06_01_2026-2.pdf,0
109,EBSCO-FullText-06_01_2026.pdf,4
110,EBSCO-FullText-06_02_2026-2.pdf,2
111,EBSCO-FullText-06_02_2026-3.pdf,0
112,EBSCO-FullText-06_02_2026.pdf,2
113,EBSCO-FullText-06_10_2026.pdf,2
114,ECIS2016_HafermalzRiemer_Belonging_Remote_Work.pdf,2
115,ESP-3420%20Proofread%20%281%29.pdf,3
116,Employee+Perspectives+on+Remote+Work+Culture+and+Leadership+in+Hybrid+Organisations.pdf,4
117,Employees’_fit_to_telework_and.pdf,0
118,Engagement_in_the_teleworking_.pdf,0
119,Evolving_approaches_to_employe.pdf,0
120,Exploring_the_nexus_between_re.pdf,0
121,Exploring_the_nexus_of_social_.pdf,0
122,Exploring_the_remote_work_chal.pdf,0
123,FULLTEXT01 copy.pdf,2
124,FULLTEXT01-2.pdf,2
125,FULLTEXT01.pdf,4
126,Fonner-CommMonogr12.pdf,1
127,Fostering a culture of belonging within women working in a hybrid.pdf,4
128,From_home_to_office_dynamics_.pdf,0
129,G22THFL-034862T.pdf,2
130,GSCARR-2024-0261.pdf,2
131,Gender_differences_in_remote_w.pdf,0
132,HPSCONF-V21-1-18.pdf,4
133,"Healthy,_healthier,_hybrid_wor.pdf",0
134,Hewitt+Note+-+Panoptic+Employment+8.8.24.pdf,5
135,How_and_When_Technostress_Pred.pdf,1
136,How_far_can_I_trust_you_Under.pdf,0
137,Human Behavior and Emerging Technologies - 2024 - Laksanadjaja - Uncovering the Web of Secrets Surrounding Employee.pdf,5
138,Human Behavior and Emerging Technologies - 2025 - Massa - E%E2%80%90Skill Self%E2%80%90Efficacy and Perceived Performance in Remote Work  A.pdf,3
139,Human_Centric_Digital_Transformation_and_Operator_4.0_for_the_Oil_and_Gas_Industry.pdf,0
140,Hybrid workers describe aspects that promote effectiveness  work engagement  work-life balance  and health.pdf,3
141,Hybrid_working_–_Benefits_and_.pdf,0
142,"IJEMR+vol.+4,+no.+3,+Page+426-437.pdf",1
143,IJETCSIT-V6I3P108.pdf,4
144,IJSRA-2025-2470.pdf,2
145,ILR-161-289.pdf,2
146,Ibrahim.pdf,0
147,Impact_of_employee_well-being_.pdf,0
148,"Impact_of_stress,_job_satisfac.pdf",0
149,Impact_of_work_from_home_on_work_life_ba.pdf,3
150,Inclusion_and_Psychological_Sa.pdf,4
151,Information Systems Journal - 2023 - Meier - Cooking a telework theory with causal recipes  Explaining telework success.pdf,0
152,Int J Management Reviews - 2025 - Ferdous - An integrated framework of remote work from organizational adoption to employee.pdf,3
153,J Management Studies - 2025 - Tr%C3%B6ster - How Hybrid Work Shapes Communication Ties  The Role of Concern about Relationship.pdf,4
154,J Occupat   Organ Psyc - 2024 - Scheibe - Age%E2%80%90related differences in the use of boundary management tactics when.pdf,1
155,JABS-2024JanMappingtheexperiencesofwork-life.Scopus.pdf,0
156,JFerreras_Dissertation_Fall2024.pdf,3
157,Journal of Advanced Nursing - 2021 - Terkamo%E2%80%90Moisio - Towards remote leadership in health care  Lessons learned from an.pdf,4
158,Keser-Ertemsir-Basol.pdf,1
159,Leadership in virtual work settings  what we know  what we do not know  and what we need to do.pdf,4
160,Lechner%20%2B%20Tobias%202021OD_How%20to%20create%20psychological%20safety%20in%20virtual%20teams_Accepted%20Manuscript%20%281%29.pdf,4
161,Manager_Control_and_Employee_Isolation_I.pdf,1
162,Managing_Performance_and_Building_Digital_Trust_in.pdf,2
163,Manuscript.pdf,2
164,Manuscript_IRJMS_01841_WS.pdf,2
165,Master_Thesis_Final_-_Layal_Alkhatib_and_Arsaf.pdf,4
166,Master_Thesis_PabloVelazco_RaffaelBless_1.pdf,4
167,MelusoJohnsonBagrow2021FlexibleEnvironmentsforHybridCollaboration.pdf,2
168,Navigating_the_change_explori.pdf,0
169,New Technol Work Employ - 2023 - Wieser - Employee acceptance of digital monitoring systems while working from home.pdf,5
170,New Technol Work Employ - 2024 - Williams - Framing algorithmic management  Constructed antagonism on HR technology.pdf,0
171,Organizational_identification_among_virt.pdf,4
172,Osuva_Myllymäki_Smale_Sumelius_2024.pdf,3
173,Out of sight out of mind? Remote work and contractual distancing.pdf,2
174,PAGANIN+Videoconference+fatigue+AM.pdf,1
175,Paper+2+(2023.5.6)+Assessing+the+Impact+of+a+Hybrid+Work+Model+on+Job+Execution+....pdf,3
176,PersonnelPsychology-2022-Ravid-AmetaE28090analysisoftheeffectsofelectronicperformancemonitoringonworkoutcomes.pdf,5
177,Piirsalu_Kivihall_Makiniemi_2025.pdf,1
178,Productive and connected while working from home  what client-facing remote workers can learn from telenurses about  belonging through technology .pdf,2
179,Promoting_health_and_productiv.pdf,1
180,PsychologicalCapitalandBurnout_GKMC.pdf,0
181,Psychosocial_safety_climate_Measurement.pdf,1
182,Public_management_strategies_f.pdf,0
183,REPUB_84468_OA.pdf,3
184,Reducing_employee_burnout_in_t.pdf,4
185,Remote Workers Ever-Present Risk.pdf,5
186,Remote work and work-life balance  Lessons learned from the covid-19 pandemic and suggestions for HRD practitioners.pdf,2
187,RemoteWorkingBurnout_EmpiricalStudyfromTOEandTechnostress.pdf,2
188,Remote_Work_Impact_on_Workplac.pdf,4
189,Remote_Worker's_Psychological_.pdf,4
190,Remotework.pdf,2
191,Remotework2025.pdf,3
192,Remoteworkandhumanresourcemanagement.pdf,2
193,Restoring Reasonable Expectations to Privacy at Work in the Face.pdf,5
194,Revolutionizing work-life balance  Unleashing the power of telecommuting on work engagement and exhaustion levels.pdf,1
195,Reworking boundaries in the home-as-office  boundary traffic during COVID-19 lockdown and the future of working from home.pdf,2
196,Roberts_L_2023_EdD.pdf,4
197,Ruigrok & Schäfer_Together but still alone.pdf,4
198,SJWEH-51-53.pdf,1
199,Sai+Praveen+Kudapa_Procedia_2025_801–832.pdf,2
200,Sbalzer-KM-111.pdf,5
201,Social   Personality Psych - 2023 - Stavrova - Does remote work erode trust in organizations  A within%E2%80%90person investigation.pdf,2
202,Sociology Compass - 2022 - Karjalainen - Gender and the blurring boundaries of work in the era of telework A longitudinal.pdf,1
203,TEMJournalFebruary2025_823_835.pdf,4
204,TPM-V32-S3-2025-90.pdf,3
205,Technostress_and_Telecommuting_in_the_Co.pdf,1
206,Technostress_and_perceived_disadvan.pdf,3
207,Technostress_and_work_exhaustion_unravel.pdf,2
208,Telecommuting_Professional_Isolation_and.pdf,1
209,Telecommuting_and_Leadership_Style_Publi.pdf,1
210,Telework and Organizational Citizenship Behaviors_ The Underexplo.pdf,1
211,Telework_Perception_and_Implications_dur.pdf,1
212,Teleworking_role_of_psycholog.pdf,0
213,Tesi_dottorato_Massa.pdf,1
214,The Impact of Work Setting Autonomy and Belonging on Employees?.pdf,3
215,The effectiveness of well-being-oriented human resource management in the context of telework.pdf,1
216,The impact of remote work and mediated communication frequency on isolation and psychological distress.pdf,2
217,TheEvolutionofRemoteWorkAnalyzingStrategiesforEffectiveVirtualTeamManagementandCollaboration.pdf,2
218,TheSilentStruggle_UncoveringDigitalStressinHybridWork.pdf,3
219,The_Corporate_Brand_Identity_in_a_Hybrid_Workp.pdf,3
220,The_Psychology_of_Hybrid_Work_Understand.pdf,3
221,The_moderating_role_of_remote_.pdf,0
222,The_telework_performance_dilem.pdf,0
223,Theeffectsoftechnostressorsonworkandnon-workoutcomesinhybridwork.pdf,3
224,Theorizing the Effect of Organizational Identification on Vacatio.pdf,2
225,Togetherness and (work)Place: Insights from Workers and Managers during Australian COVID-Induced Lockdowns.pdf,2
226,Towards_a_sustainable_workplac.pdf,0
227,Turnitin%20The%20impact%20of%20digital%20fatigue%20on%20employee%20productivity%20and%20well-being.pdf,3
228,Understanding_teleworkers’_tec.pdf,0
229,Understanding_the_Moderating_E.pdf,4
230,Voluntary_part-time_and_mandat.pdf,0
231,Wellbeing_Remote.pdf,3
232,What_is_healthy_hybrid_work_E.pdf,0
233,Wilson 2023 Authoritarian Leadership Style and Psychological Safety.pdf,4
234,Work engagement and its antecedents in remote work  A person-centered view.pdf,2
235,Work from home can be distracting  Exploring the moderation role of transformational leadership on teleworking and cyber-slacking.pdf,1
236,Work life balance in the digital era  configuring demands and resources at work.pdf,3
237,a965102-030(2023).pdf,5
238,"admin,+PUBLISH_PAULUS.pdf",4
239,admsci-13-00055.pdf,0
240,admsci-13-00150.pdf,0
241,admsci-13-00218.pdf,0
242,admsci-15-00398.pdf,3
243,"agung,+1.+Anthony+Leonard+Limanta+001-016.pdf",1
244,ajems-07-2022-0306.pdf,0
245,alasoini-2025-reproducing-clan-mechanisms-of-control-in-hybrid-work.pdf,2
246,annurev-orgpsych-110622-060758.pdf,0
247,article_109597.pdf,1
248,article_91370.pdf,1
249,bartelwrzesniewskiwiesenfeld.pdf,4
250,behavsci-13-00835.pdf,0
251,behavsci-13-00916.pdf,0
252,behavsci-14-00674-v4.pdf,0
253,behavsci-15-00095.pdf,0
254,boulet-parent-lamarche-2022-paradoxical-effects-of-teleworking-on-workers-well-being-in-the-covid-19-context-a.pdf,1
255,cdc_207491_DS1.pdf,1
256,cdc_223707_DS1.pdf,1
257,challenges-13-00014.pdf,0
258,chychun_effective management.pdf,2
259,content.pdf,3
260,covid-02-00101-v2.pdf,0
261,cyber.2021.0257.pdf,3
262,dalessandro-lovell-2024-the-pandemic-stratified-workplace-workspace-employee-sense-of-belonging-and-inequalities-at-work.pdf,2
263,doberstein-charbonneau-2022-alienation-in-pandemic-induced-telework-in-the-public-sector.pdf,1
264,"drdujak,+18+-+Komanovics.pdf",5
265,e2025380.pdf,3
266,er-04-2024-0199en.pdf,2
267,fb24aaec11f23ae04cda9daba6bcbf8b4329.pdf,1
268,feduc-9-1512536.pdf,2
269,forgp-02-1360373.pdf,1
270,forgp-02-1430812.pdf,0
271,forgp-02-1448894.pdf,3
272,forgp-2-1499248.pdf,1
273,fpsyg-13-1016368.pdf,1
274,fpsyg-13-833776.pdf,4
275,fpsyg-13-863197.pdf,1
276,fpsyg-13-898405.pdf,1
277,fpsyg-13-987976.pdf,2
278,fpsyg-13-988105.pdf,4
279,fpsyg-14-1065593.pdf,1
280,fpsyg-14-1098336.pdf,0
281,fpsyg-14-1099138.pdf,1
282,fpsyg-14-1110108.pdf,1
283,fpsyg-14-1150707.pdf,1
284,fpsyg-14-1155118.pdf,1
285,fpsyg-14-1173425.pdf,1
286,fpsyg-14-1193854.pdf,2
287,fpsyg-15-1383207.pdf,1
288,fpsyg-16-1524804.pdf,3
289,fpubh-10-796321.pdf,0
290,g%C3%BCnther-et-al-2022-the-joint-role-of-hrm-and-leadership-for-teleworker-well-being-an-analysis-during-the-covid-19.pdf,1
291,glavin-et-al-2024-private-eyes-they-see-your-every-move-workplace-surveillance-and-worker-well-being.pdf,5
292,"google,+qems_v5_i6_1227-1240_3333.pdf",3
293,gualano-et-al-2022-telework-related-stress-%28terra%29-psychological-and-physical-strain-of-working-from-home-during-the.pdf,1
294,guti%C3%A9rrez-crocco-et-al-2023-the-impact-of-remote-work-on-managerial-compliance-changes-in-the-control-regime-over-line.pdf,2
295,haun-et-al-2022-boundary-management-and-recovery-when-working-from-home-the-moderating-roles-of-segmentation-preference.pdf,1
296,healthcare-11-00446-v2.pdf,0
297,healthcare-13-01943-v2.pdf,0
298,ijerph-18-05458.pdf,0
299,ijerph-18-10302-v2.pdf,0
300,ijerph-19-01267.pdf,0
301,ijerph-19-02602-v2.pdf,0
302,ijerph-19-03837-v3.pdf,0
303,ijerph-19-03879-v2.pdf,0
304,ijerph-19-04955-v2.pdf,0
305,ijerph-19-12016-v3.pdf,0
306,ijerph-20-01811-v2.pdf,0
307,ijerph-20-04182.pdf,0
308,ijerph-20-04781.pdf,0
309,ijm-05-2022-0223.pdf,0
310,ijwhm-02-2021-0042.pdf,0
311,intr-01-2025-0041en.pdf,3
312,iwad014.pdf,5
313,jcom-02-2023-0023.pdf,0
314,jeet-08-2024-0023.pdf,0
315,joem-64-e811.pdf,0
316,journal.pone.0323385.pdf,1
317,kim-et-al-2025-navigating-leadership-in-hybrid-or-remote-workplaces-a-systematic-review-of-employee-engagement.pdf,4
318,"leonardobattista,+6+Molè+2+2022+Theme.pdf",5
319,lodj-09-2023-0490.pdf,0
320,main copy.pdf,1
321,main-2 copy.pdf,2
322,main-3.pdf,2
323,mastersthesis_paloly_santhoshkumar_haritha.pdf,3
324,merits-03-00010-v2.pdf,0
325,metselaar-et-al-2022-teleworking-at-different-locations-outside-the-office-consequences-for-perceived-performance-and.pdf,1
326,mohase-et-al-2025-inclusive-leadership-psychological-safety-and-employee-voice-in-remote-and-hybrid-work-employees.pdf,4
327,mumtaz-2024-working-remotely-feeling-remote-the-role-of-digitally-mediated-communication-in-shaping-the-identity-of.pdf,4
328,neu_4f18wr938.pdf,4
329,neu_ms397g103.pdf,4
330,nordenmark-vinberg-2023-working-from-home-work-life-conflict-and-mental-wellbeing-in-europe-during-the-covid-19-pandemic.pdf,0
331,out.pdf,2
332,papadonikolaki-morgan-2025-leading-psychologically-safe-digitally-enabled-project-teams.pdf,4
333,pink-harper-rauhaus-2023-an-examination-of-telework-policies-balancing-work-life-demands-during-the-new-normal.pdf,2
334,proceedings-82-00084.pdf,0
335,qin-2024-the-impact-of-organization-employee-dialogic-communication-on-employee-engagement-in-remote-work.pdf,4
336,rTdrqN64CyxbCtsx4mNjVWN.pdf,1
337,rbmt-21-03-e20221003.pdf,1
338,rege-07-2021-0116.pdf,0
339,remote_work_jsis.pdf,3
340,s10111-022-00693-4.pdf,1
341,s10639-025-13459-y.pdf,1
342,s11482-024-10340-x.pdf,1
343,s12144-022-02873-x.pdf,1
344,s12144-022-03492-2.pdf,2
345,s12144-023-04250-8.pdf,1
346,s12599-024-00866-7.pdf,5
347,s12889-024-18178-6.pdf,1
348,s40299-022-00706-w.pdf,1
349,s41598-024-63518-6.pdf,4
350,s44202-025-00342-7.pdf,2
351,shah-et-al-2024-unlocking-the-work-life-equation-critical-analysis-of-telework-factors-for-optimal-balance-in-the-it.pdf,1
352,socsci-13-00036.pdf,0
353,sokolic-2022-remote_work_and_hybrid_work-efri_5505-publishedversion-blfu2z-s.pdf,2
354,ssrn-4092787.pdf,5
355,ssrn-4518524.pdf,2
356,ssrn-4810633.pdf,1
357,ssrn-49323612.pdf,0
358,ssrn-5041183.pdf,2
359,ssrn-5085236.pdf,0
360,ssrn-5106503.pdf,2
361,ssrn-5580850.pdf,3
362,ssrn-6107886.pdf,3
363,sustainability-14-04220-v2.pdf,0
364,sustainability-14-04220.pdf,2
365,sustainability-14-05745.pdf,0
366,sustainability-14-05778-v2.pdf,0
367,sustainability-14-07146.pdf,0
368,sustainability-14-11722.pdf,0
369,sustainability-14-11874-v2.pdf,0
370,sustainability-14-16108.pdf,0
371,sustainability-15-05952-v2.pdf,0
372,sustainability-15-10631-v2.pdf,0
373,sustainability-15-12489.pdf,0
374,sustainability-16-08278-v2.pdf,0
375,sustainability-17-01342.pdf,0
376,sustainability-17-02830.pdf,0
377,sustainability-18-04039.pdf,0
378,systems-10-00134.pdf,0
379,telework_2024_AAM.pdf,1
380,the-effects-of-being-under-watch-the-impact-of-electronic-monitoring-on-remote-workers-psychological-safety.pdf,0
381,weisman-et-al-2022-antecedents-of-organizational-identification-a-review-and-agenda-for-future-research.pdf,4
382,zmad007.pdf,0
383,zmad020.pdf,2
384,"Актуальні+питання+економічних+наук_Ortynska,+A.pdf",3
385,“I_have_to_be_always_on”_–_man.pdf,0
386,“Technology_is_killing_me!”_t.pdf,0
